id,name_zh,name_en,name_bn,category_group,category,parent_site,division,district,upazila_or_thana,latitude,longitude,address,description_zh,opening_hours,ticket_price,best_season,transport,contact,website,image_url,source_urls,source_type,verification_status,last_verified,notes
BD-POI-0001,孙德尔本斯,Sundarbans,সুন্দরবন,历史文化,Mangrove forest / World Heritage,,Khulna,"Khulna, Bagerhat, Satkhira",,21.7500000,88.7500000,,"Sundarbans位于孟加拉国Khulna大区的Khulna, Bagerhat, Satkhira，在本数据集中归为“历史文化”。开放、通行和许可信息可能随季节或管理政策变化，出行前应向主管部门复核。",,,旱季（约11月至次年3月）,出发前通过当地旅游部门或地图服务核实路线,,,https://commons.wikimedia.org/wiki/Special:FilePath/Sun_in_Sunderbans.jpg,https://beautifulbangladesh.gov.bd/ | https://whc.unesco.org/en/list/798 | https://rsis.ramsar.org/RISapp/files/RISrep/BD560RIS.pdf | https://www.wikidata.org/wiki/Q4526,Bangladesh Tourism Board directory | specific authoritative source | Wikidata,景点级权威来源已核实；Wikidata坐标自动匹配（待人工复核）,2026-07-11,开放时间、门票和通行许可具有时效性，未获可靠来源时留空。
BD-POI-0002,六十圆顶清真寺,Sixty Dome Mosque,ষাট গম্বুজ মসজিদ,宗教与考古,Mosque / World Heritage,Historic Mosque City of Bagerhat,Khulna,Bagerhat,Bagerhat Sadar,22.6745000,89.7418200,,Sixty Dome Mosque位于孟加拉国Khulna大区的Bagerhat，在本数据集中归为“宗教与考古”。开放、通行和许可信息可能随季节或管理政策变化，出行前应向主管部门复核。,,,全年；通常11月至次年3月天气较舒适,出发前通过当地旅游部门或地图服务核实路线,,,https://commons.wikimedia.org/wiki/Special:FilePath/Sixty_Dome_Mosque%2CBagerhat.jpg,https://beautifulbangladesh.gov.bd/ | https://whc.unesco.org/en/list/321 | https://www.wikidata.org/wiki/Q2834259,Bangladesh Tourism Board directory | specific authoritative source | Wikidata,景点级权威来源已核实；Wikidata坐标自动匹配（待人工复核）,2026-07-11,开放时间、门票和通行许可具有时效性，未获可靠来源时留空。
BD-POI-0003,,Khan Jahan Ali's Tomb,,历史文化,Historic mausoleum,,Khulna,Bagerhat,Bagerhat Sadar,22.6609351,89.7583993,,Khan Jahan Ali's Tomb位于孟加拉国Khulna大区的Bagerhat，在本数据集中归为“历史文化”。开放、通行和许可信息可能随季节或管理政策变化，出行前应向主管部门复核。,,,全年；通常11月至次年3月天气较舒适,出发前通过当地旅游部门或地图服务核实路线,,,,https://beautifulbangladesh.gov.bd/ | https://www.openstreetmap.org/?mlat=22.6609351&mlon=89.7583993#map=15/22.6609351/89.7583993,Bangladesh Tourism Board directory | OpenStreetMap Photon,旅游局目录匹配；OSM坐标自动匹配（待人工复核）,2026-07-11,开放时间、门票和通行许可具有时效性，未获可靠来源时留空。
BD-POI-0004,,Shilaidaha Kuthibari,,历史文化,Historic house / museum,,Khulna,Kushtia,Kumarkhali,23.9197559,89.2200005,,Shilaidaha Kuthibari位于孟加拉国Khulna大区的Kushtia，在本数据集中归为“历史文化”。开放、通行和许可信息可能随季节或管理政策变化，出行前应向主管部门复核。,,,全年；通常11月至次年3月天气较舒适,出发前通过当地旅游部门或地图服务核实路线,,,,https://beautifulbangladesh.gov.bd/ | https://www.openstreetmap.org/?mlat=23.9197559&mlon=89.2200005#map=15/23.9197559/89.2200005,Bangladesh Tourism Board directory | OpenStreetMap Photon,旅游局目录匹配；OSM坐标自动匹配（待人工复核）,2026-07-11,开放时间、门票和通行许可具有时效性，未获可靠来源时留空。
BD-POI-0005,,Lalon Shah's Shrine,,历史文化,Cultural heritage,,Khulna,Kushtia,Kumarkhali,,,,Lalon Shah's Shrine位于孟加拉国Khulna大区的Kushtia，在本数据集中归为“历史文化”。开放、通行和许可信息可能随季节或管理政策变化，出行前应向主管部门复核。,,,全年；通常11月至次年3月天气较舒适,出发前通过当地旅游部门或地图服务核实路线,,,,https://beautifulbangladesh.gov.bd/,Bangladesh Tourism Board directory,旅游局目录匹配；坐标待补,2026-07-11,开放时间、门票和通行许可具有时效性，未获可靠来源时留空。
BD-POI-0006,,Mujibnagar Memorial Complex,,博物馆与纪念地,Memorial,,Khulna,Meherpur,Mujibnagar,23.6694950,88.6033211,,Mujibnagar Memorial Complex位于孟加拉国Khulna大区的Meherpur，在本数据集中归为“博物馆与纪念地”。开放、通行和许可信息可能随季节或管理政策变化，出行前应向主管部门复核。,,,全年；通常11月至次年3月天气较舒适,出发前通过当地旅游部门或地图服务核实路线,,,,https://beautifulbangladesh.gov.bd/ | https://www.openstreetmap.org/?mlat=23.669495&mlon=88.6033211#map=15/23.669495/88.6033211,Bangladesh Tourism Board directory | OpenStreetMap Photon,旅游局目录匹配；OSM坐标自动匹配（待人工复核）,2026-07-11,开放时间、门票和通行许可具有时效性，未获可靠来源时留空。
BD-POI-0007,,Michael Madhusudan Dutt Memorial House,,历史文化,Historic house / museum,,Khulna,Jashore,Keshabpur,22.8191838,89.1634768,,Michael Madhusudan Dutt Memorial House位于孟加拉国Khulna大区的Jashore，在本数据集中归为“历史文化”。开放、通行和许可信息可能随季节或管理政策变化，出行前应向主管部门复核。,,,全年；通常11月至次年3月天气较舒适,出发前通过当地旅游部门或地图服务核实路线,,,,https://beautifulbangladesh.gov.bd/ | https://www.openstreetmap.org/?mlat=22.8191838&mlon=89.1634768#map=15/22.8191838/89.1634768,Bangladesh Tourism Board directory | OpenStreetMap Photon,旅游局目录匹配；OSM坐标自动匹配（待人工复核）,2026-07-11,开放时间、门票和通行许可具有时效性，未获可靠来源时留空。
BD-POI-0008,,Hardinge Bridge,,历史文化,Historic bridge,,"Rajshahi, Khulna","Pabna, Kushtia","Ishwardi, Bheramara",24.0704094,89.0388379,,"Hardinge Bridge位于孟加拉国Rajshahi, Khulna大区的Pabna, Kushtia，在本数据集中归为“历史文化”。开放、通行和许可信息可能随季节或管理政策变化，出行前应向主管部门复核。",,,全年；通常11月至次年3月天气较舒适,出发前通过当地旅游部门或地图服务核实路线,,,,https://beautifulbangladesh.gov.bd/ | https://www.supremecourt.gov.bd/resources/documents/2157381_WritPetitionNo.7030of2022.pdf | https://www.openstreetmap.org/?mlat=24.0704094&mlon=89.0388379#map=15/24.0704094/89.0388379,Bangladesh Tourism Board directory | specific authoritative source | OpenStreetMap Photon,景点级权威来源已核实；OSM坐标自动匹配（待人工复核）,2026-07-11,开放时间、门票和通行许可具有时效性，未获可靠来源时留空。
BD-POI-0009,,Paharpur Buddhist Monastery,,历史文化,Archaeological site / World Heritage,,Rajshahi,Naogaon,Badalgachhi,,,,Paharpur Buddhist Monastery位于孟加拉国Rajshahi大区的Naogaon，在本数据集中归为“历史文化”。开放、通行和许可信息可能随季节或管理政策变化，出行前应向主管部门复核。,,,全年；通常11月至次年3月天气较舒适,出发前通过当地旅游部门或地图服务核实路线,,,,https://beautifulbangladesh.gov.bd/ | https://whc.unesco.org/en/list/322,Bangladesh Tourism Board directory | specific authoritative source,景点级权威来源已核实；坐标待补,2026-07-11,开放时间、门票和通行许可具有时效性，未获可靠来源时留空。
BD-POI-0010,,Mahasthangarh,,历史文化,Archaeological site,,Rajshahi,Bogura,Shibganj,24.9515878,89.3516137,,Mahasthangarh位于孟加拉国Rajshahi大区的Bogura，在本数据集中归为“历史文化”。开放、通行和许可信息可能随季节或管理政策变化，出行前应向主管部门复核。,,,全年；通常11月至次年3月天气较舒适,出发前通过当地旅游部门或地图服务核实路线,,,,https://beautifulbangladesh.gov.bd/ | https://www.openstreetmap.org/?mlat=24.9515878&mlon=89.3516137#map=15/24.9515878/89.3516137,Bangladesh Tourism Board directory | OpenStreetMap Photon,旅游局目录匹配；OSM坐标自动匹配（待人工复核）,2026-07-11,开放时间、门票和通行许可具有时效性，未获可靠来源时留空。
BD-POI-0011,,Puthia Temple Complex,,宗教与考古,Temple complex,Puthia,Rajshahi,Rajshahi,Puthia,,,,Puthia Temple Complex位于孟加拉国Rajshahi大区的Rajshahi，在本数据集中归为“宗教与考古”。开放、通行和许可信息可能随季节或管理政策变化，出行前应向主管部门复核。,,,全年；通常11月至次年3月天气较舒适,出发前通过当地旅游部门或地图服务核实路线,,,,https://beautifulbangladesh.gov.bd/,Bangladesh Tourism Board directory,旅游局目录匹配；坐标待补,2026-07-11,开放时间、门票和通行许可具有时效性，未获可靠来源时留空。
BD-POI-0012,,Puthia Rajbari,,历史文化,Palace,Puthia,Rajshahi,Rajshahi,Puthia,24.3616756,88.8364576,,Puthia Rajbari位于孟加拉国Rajshahi大区的Rajshahi，在本数据集中归为“历史文化”。开放、通行和许可信息可能随季节或管理政策变化，出行前应向主管部门复核。,,,全年；通常11月至次年3月天气较舒适,出发前通过当地旅游部门或地图服务核实路线,,,,https://beautifulbangladesh.gov.bd/ | https://www.openstreetmap.org/?mlat=24.3616756&mlon=88.8364576#map=15/24.3616756/88.8364576,Bangladesh Tourism Board directory | OpenStreetMap Photon,旅游局目录匹配；OSM坐标自动匹配（待人工复核）,2026-07-11,开放时间、门票和通行许可具有时效性，未获可靠来源时留空。
BD-POI-0013,,Bagha Mosque,,宗教与考古,Historic mosque,,Rajshahi,Rajshahi,Bagha,24.1960601,88.8394571,,Bagha Mosque位于孟加拉国Rajshahi大区的Rajshahi，在本数据集中归为“宗教与考古”。开放、通行和许可信息可能随季节或管理政策变化，出行前应向主管部门复核。,,,全年；通常11月至次年3月天气较舒适,出发前通过当地旅游部门或地图服务核实路线,,,,https://beautifulbangladesh.gov.bd/ | https://www.openstreetmap.org/?mlat=24.1960601&mlon=88.8394571#map=15/24.1960601/88.8394571,Bangladesh Tourism Board directory | OpenStreetMap Photon,旅游局目录匹配；OSM坐标自动匹配（待人工复核）,2026-07-11,开放时间、门票和通行许可具有时效性，未获可靠来源时留空。
BD-POI-0014,,Choto Sona Mosque,,宗教与考古,Historic mosque,,Rajshahi,Chapainawabganj,Shibganj,,,,Choto Sona Mosque位于孟加拉国Rajshahi大区的Chapainawabganj，在本数据集中归为“宗教与考古”。开放、通行和许可信息可能随季节或管理政策变化，出行前应向主管部门复核。,,,全年；通常11月至次年3月天气较舒适,出发前通过当地旅游部门或地图服务核实路线,,,,https://beautifulbangladesh.gov.bd/,Bangladesh Tourism Board directory,旅游局目录匹配；坐标待补,2026-07-11,开放时间、门票和通行许可具有时效性，未获可靠来源时留空。
BD-POI-0015,,Kusumba Mosque,,宗教与考古,Historic mosque,,Rajshahi,Naogaon,Manda,24.7557248,88.6867454,,Kusumba Mosque位于孟加拉国Rajshahi大区的Naogaon，在本数据集中归为“宗教与考古”。开放、通行和许可信息可能随季节或管理政策变化，出行前应向主管部门复核。,,,全年；通常11月至次年3月天气较舒适,出发前通过当地旅游部门或地图服务核实路线,,,,https://beautifulbangladesh.gov.bd/ | https://www.openstreetmap.org/?mlat=24.7557248&mlon=88.6867454#map=15/24.7557248/88.6867454,Bangladesh Tourism Board directory | OpenStreetMap Photon,旅游局目录匹配；OSM坐标自动匹配（待人工复核）,2026-07-11,开放时间、门票和通行许可具有时效性，未获可靠来源时留空。
BD-POI-0016,,Varendra Research Museum,,博物馆与纪念地,Museum,,Rajshahi,Rajshahi,Boalia,24.3670593,88.5924937,,Varendra Research Museum位于孟加拉国Rajshahi大区的Rajshahi，在本数据集中归为“博物馆与纪念地”。开放、通行和许可信息可能随季节或管理政策变化，出行前应向主管部门复核。,,,全年；通常11月至次年3月天气较舒适,出发前通过当地旅游部门或地图服务核实路线,,,,https://beautifulbangladesh.gov.bd/ | https://www.openstreetmap.org/?mlat=24.3670593&mlon=88.5924937#map=15/24.3670593/88.5924937,Bangladesh Tourism Board directory | OpenStreetMap Photon,旅游局目录匹配；OSM坐标自动匹配（待人工复核）,2026-07-11,开放时间、门票和通行许可具有时效性，未获可靠来源时留空。
BD-POI-0017,,Natore Rajbari,,历史文化,Palace,,Rajshahi,Natore,Natore Sadar,24.4200054,88.9915369,,Natore Rajbari位于孟加拉国Rajshahi大区的Natore，在本数据集中归为“历史文化”。开放、通行和许可信息可能随季节或管理政策变化，出行前应向主管部门复核。,,,全年；通常11月至次年3月天气较舒适,出发前通过当地旅游部门或地图服务核实路线,,,,https://beautifulbangladesh.gov.bd/ | https://www.openstreetmap.org/?mlat=24.4200054&mlon=88.9915369#map=15/24.4200054/88.9915369,Bangladesh Tourism Board directory | OpenStreetMap Photon,旅游局目录匹配；OSM坐标自动匹配（待人工复核）,2026-07-11,开放时间、门票和通行许可具有时效性，未获可靠来源时留空。
BD-POI-0018,,Uttara Ganabhaban,,历史文化,Palace / heritage,,Rajshahi,Natore,Natore Sadar,24.4400361,89.0097352,,Uttara Ganabhaban位于孟加拉国Rajshahi大区的Natore，在本数据集中归为“历史文化”。开放、通行和许可信息可能随季节或管理政策变化，出行前应向主管部门复核。,,,全年；通常11月至次年3月天气较舒适,出发前通过当地旅游部门或地图服务核实路线,,,,https://beautifulbangladesh.gov.bd/ | https://www.openstreetmap.org/?mlat=24.4400361&mlon=89.0097352#map=15/24.4400361/89.0097352,Bangladesh Tourism Board directory | OpenStreetMap Photon,旅游局目录匹配；OSM坐标自动匹配（待人工复核）,2026-07-11,开放时间、门票和通行许可具有时效性，未获可靠来源时留空。
BD-POI-0019,,"Rabindra Kachharibari, Patisar",,历史文化,Historic house,,Rajshahi,Naogaon,Atrai,,,,"Rabindra Kachharibari, Patisar位于孟加拉国Rajshahi大区的Naogaon，在本数据集中归为“历史文化”。开放、通行和许可信息可能随季节或管理政策变化，出行前应向主管部门复核。",,,全年；通常11月至次年3月天气较舒适,出发前通过当地旅游部门或地图服务核实路线,,,,https://beautifulbangladesh.gov.bd/,Bangladesh Tourism Board directory,旅游局目录匹配；坐标待补,2026-07-11,开放时间、门票和通行许可具有时效性，未获可靠来源时留空。
BD-POI-0020,,Chalan Beel,,河流湖泊与湿地,Wetland,,Rajshahi,"Natore, Pabna, Sirajganj",,24.6616409,88.9314890,,"Chalan Beel位于孟加拉国Rajshahi大区的Natore, Pabna, Sirajganj，在本数据集中归为“河流湖泊与湿地”。开放、通行和许可信息可能随季节或管理政策变化，出行前应向主管部门复核。",,,雨季至雨季后（约6–11月）；出行前核实水位与安全情况,出发前通过当地旅游部门或地图服务核实路线,,,,https://beautifulbangladesh.gov.bd/ | https://www.openstreetmap.org/?mlat=24.6616409&mlon=88.931489#map=15/24.6616409/88.931489,Bangladesh Tourism Board directory | OpenStreetMap Photon,旅游局目录匹配；OSM坐标自动匹配（待人工复核）,2026-07-11,开放时间、门票和通行许可具有时效性，未获可靠来源时留空。
BD-POI-0021,,Kantajew Temple,,宗教与考古,Historic temple,,Rangpur,Dinajpur,Kaharole,,,,Kantajew Temple位于孟加拉国Rangpur大区的Dinajpur，在本数据集中归为“宗教与考古”。开放、通行和许可信息可能随季节或管理政策变化，出行前应向主管部门复核。,,,全年；通常11月至次年3月天气较舒适,出发前通过当地旅游部门或地图服务核实路线,,,,https://beautifulbangladesh.gov.bd/,Bangladesh Tourism Board directory,旅游局目录匹配；坐标待补,2026-07-11,开放时间、门票和通行许可具有时效性，未获可靠来源时留空。
BD-POI-0022,,Ramsagar National Park,,河流湖泊与湿地,National park / reservoir,,Rangpur,Dinajpur,Dinajpur Sadar,25.5545733,88.6256084,,Ramsagar National Park位于孟加拉国Rangpur大区的Dinajpur，在本数据集中归为“河流湖泊与湿地”。开放、通行和许可信息可能随季节或管理政策变化，出行前应向主管部门复核。,,,旱季（约11月至次年3月）,出发前通过当地旅游部门或地图服务核实路线,,,,https://beautifulbangladesh.gov.bd/ | https://www.openstreetmap.org/?mlat=25.5545733&mlon=88.6256084#map=15/25.5545733/88.6256084,Bangladesh Tourism Board directory | OpenStreetMap Photon,旅游局目录匹配；OSM坐标自动匹配（待人工复核）,2026-07-11,开放时间、门票和通行许可具有时效性，未获可靠来源时留空。
BD-POI-0023,,Tajhat Palace,,历史文化,Palace / museum,,Rangpur,Rangpur,Rangpur Sadar,,,,Tajhat Palace位于孟加拉国Rangpur大区的Rangpur，在本数据集中归为“历史文化”。开放、通行和许可信息可能随季节或管理政策变化，出行前应向主管部门复核。,,,全年；通常11月至次年3月天气较舒适,出发前通过当地旅游部门或地图服务核实路线,,,,https://beautifulbangladesh.gov.bd/,Bangladesh Tourism Board directory,旅游局目录匹配；坐标待补,2026-07-11,开放时间、门票和通行许可具有时效性，未获可靠来源时留空。
BD-POI-0024,,Nilsagar,,河流湖泊与湿地,Lake,,Rangpur,Nilphamari,Nilphamari Sadar,,,,Nilsagar位于孟加拉国Rangpur大区的Nilphamari，在本数据集中归为“河流湖泊与湿地”。开放、通行和许可信息可能随季节或管理政策变化，出行前应向主管部门复核。,,,全年；通常11月至次年3月天气较舒适,出发前通过当地旅游部门或地图服务核实路线,,,,https://beautifulbangladesh.gov.bd/,Bangladesh Tourism Board directory,旅游局目录匹配；坐标待补,2026-07-11,开放时间、门票和通行许可具有时效性，未获可靠来源时留空。
BD-POI-0025,,Teesta Barrage,,山地与瀑布,Barrage / viewpoint,,Rangpur,"Lalmonirhat, Nilphamari","Hatibandha, Dimla",26.1787234,89.0516703,,"Teesta Barrage位于孟加拉国Rangpur大区的Lalmonirhat, Nilphamari，在本数据集中归为“山地与瀑布”。开放、通行和许可信息可能随季节或管理政策变化，出行前应向主管部门复核。",,,全年；通常11月至次年3月天气较舒适,出发前通过当地旅游部门或地图服务核实路线,,,,https://beautifulbangladesh.gov.bd/ | https://www.lalmonirhat.gov.bd/en/site/tourist_spot/oWYp-%E0%A6%A4%E0%A6%BF%E0%A6%B8%E0%A7%8D%E0%A6%A4%E0%A6%BE-%E0%A6%AC%E0%A7%8D%E0%A6%AF%E0%A6%BE%E0%A6%B0%E0%A7%87%E0%A6%9C-%E0%A6%93-%E0%A6%85%E0%A6%AC%E0%A6%B8%E0%A6%B0--%E0%A6%B0%E0%A7%87%E0%A6%B8%E0%A7%8D%E0%A6%9F-%E0%A6%B9%E0%A6%BE%E0%A6%89%E0%A6%9C | https://www.openstreetmap.org/?mlat=26.1787234&mlon=89.0516703#map=15/26.1787234/89.0516703,Bangladesh Tourism Board directory | specific authoritative source | OpenStreetMap Photon,景点级权威来源已核实；OSM坐标自动匹配（待人工复核）,2026-07-11,开放时间、门票和通行许可具有时效性，未获可靠来源时留空。
BD-POI-0026,,Bhitargarh,,历史文化,Archaeological site,,Rangpur,Panchagarh,Panchagarh Sadar,26.4434484,88.6126783,,Bhitargarh位于孟加拉国Rangpur大区的Panchagarh，在本数据集中归为“历史文化”。开放、通行和许可信息可能随季节或管理政策变化，出行前应向主管部门复核。,,,全年；通常11月至次年3月天气较舒适,出发前通过当地旅游部门或地图服务核实路线,,,,https://beautifulbangladesh.gov.bd/ | https://www.openstreetmap.org/?mlat=26.4434484&mlon=88.6126783#map=15/26.4434484/88.6126783,Bangladesh Tourism Board directory | OpenStreetMap Photon,旅游局目录匹配；OSM坐标自动匹配（待人工复核）,2026-07-11,开放时间、门票和通行许可具有时效性，未获可靠来源时留空。
BD-POI-0027,,Tetulia Dak Bungalow and Picnic Corner,,山地与瀑布,Landscape / viewpoint,,Rangpur,Panchagarh,Tetulia,,,,Tetulia Dak Bungalow and Picnic Corner位于孟加拉国Rangpur大区的Panchagarh，在本数据集中归为“山地与瀑布”。开放、通行和许可信息可能随季节或管理政策变化，出行前应向主管部门复核。,,,全年；通常11月至次年3月天气较舒适,出发前通过当地旅游部门或地图服务核实路线,,,,https://beautifulbangladesh.gov.bd/,Bangladesh Tourism Board directory,旅游局目录匹配；坐标待补,2026-07-11,开放时间、门票和通行许可具有时效性，未获可靠来源时留空。
BD-POI-0028,,Sitakot Vihara,,历史文化,Archaeological site,,Rangpur,Dinajpur,Nawabganj,25.4141965,89.0515339,,Sitakot Vihara位于孟加拉国Rangpur大区的Dinajpur，在本数据集中归为“历史文化”。开放、通行和许可信息可能随季节或管理政策变化，出行前应向主管部门复核。,,,全年；通常11月至次年3月天气较舒适,出发前通过当地旅游部门或地图服务核实路线,,,,https://beautifulbangladesh.gov.bd/ | https://www.openstreetmap.org/?mlat=25.4141965&mlon=89.0515339#map=15/25.4141965/89.0515339,Bangladesh Tourism Board directory | OpenStreetMap Photon,旅游局目录匹配；OSM坐标自动匹配（待人工复核）,2026-07-11,开放时间、门票和通行许可具有时效性，未获可靠来源时留空。
BD-POI-0029,,Begum Rokeya Memorial,,博物馆与纪念地,Memorial / museum,,Rangpur,Rangpur,Mithapukur,,,,Begum Rokeya Memorial位于孟加拉国Rangpur大区的Rangpur，在本数据集中归为“博物馆与纪念地”。开放、通行和许可信息可能随季节或管理政策变化，出行前应向主管部门复核。,,,全年；通常11月至次年3月天气较舒适,出发前通过当地旅游部门或地图服务核实路线,,,,https://beautifulbangladesh.gov.bd/,Bangladesh Tourism Board directory,旅游局目录匹配；坐标待补,2026-07-11,开放时间、门票和通行许可具有时效性，未获可靠来源时留空。
BD-POI-0030,,Lalbagh Fort,,历史文化,Historic fort,,Dhaka,Dhaka,Lalbagh,23.7188430,90.3881528,,Lalbagh Fort位于孟加拉国Dhaka大区的Dhaka，在本数据集中归为“历史文化”。开放、通行和许可信息可能随季节或管理政策变化，出行前应向主管部门复核。,,,全年；通常11月至次年3月天气较舒适,出发前通过当地旅游部门或地图服务核实路线,,,,https://beautifulbangladesh.gov.bd/ | https://www.openstreetmap.org/?mlat=23.718843&mlon=90.3881528#map=15/23.718843/90.3881528,Bangladesh Tourism Board directory | OpenStreetMap Photon,旅游局目录匹配；OSM坐标自动匹配（待人工复核）,2026-07-11,开放时间、门票和通行许可具有时效性，未获可靠来源时留空。
BD-POI-0031,阿赫桑曼济勒,Ahsan Manzil,আহসান মঞ্জিল,历史文化,Palace / museum,,Dhaka,Dhaka,Kotwali,23.7086111,90.4061111,,Ahsan Manzil位于孟加拉国Dhaka大区的Dhaka，在本数据集中归为“历史文化”。开放、通行和许可信息可能随季节或管理政策变化，出行前应向主管部门复核。,,,全年；通常11月至次年3月天气较舒适,出发前通过当地旅游部门或地图服务核实路线,,,https://commons.wikimedia.org/wiki/Special:FilePath/DJI_0760_%28_Ahsan_Manzil%29.jpg,https://beautifulbangladesh.gov.bd/ | https://www.wikidata.org/wiki/Q402937,Bangladesh Tourism Board directory | Wikidata,旅游局目录匹配；Wikidata坐标自动匹配（待人工复核）,2026-07-11,开放时间、门票和通行许可具有时效性，未获可靠来源时留空。
BD-POI-0032,,Bangladesh National Parliament House,,博物馆与纪念地,Modern architecture,,Dhaka,Dhaka,Sher-e-Bangla Nagar,23.7622884,90.3785482,,Bangladesh National Parliament House位于孟加拉国Dhaka大区的Dhaka，在本数据集中归为“博物馆与纪念地”。开放、通行和许可信息可能随季节或管理政策变化，出行前应向主管部门复核。,,,全年；通常11月至次年3月天气较舒适,出发前通过当地旅游部门或地图服务核实路线,,,,https://beautifulbangladesh.gov.bd/ | https://www.openstreetmap.org/?mlat=23.7622884&mlon=90.3785482#map=15/23.7622884/90.3785482,Bangladesh Tourism Board directory | OpenStreetMap Photon,旅游局目录匹配；OSM坐标自动匹配（待人工复核）,2026-07-11,开放时间、门票和通行许可具有时效性，未获可靠来源时留空。
BD-POI-0033,孟加拉国烈士纪念碑,Jatiyo Smriti Soudho,জাতীয় স্মৃতিসৌধ,博物馆与纪念地,National memorial,,Dhaka,Dhaka,Savar,23.9113000,90.2547000,,National Martyrs' Memorial位于孟加拉国Dhaka大区的Dhaka，在本数据集中归为“博物馆与纪念地”。开放、通行和许可信息可能随季节或管理政策变化，出行前应向主管部门复核。,,,全年；通常11月至次年3月天气较舒适,出发前通过当地旅游部门或地图服务核实路线,,,https://commons.wikimedia.org/wiki/Special:FilePath/National_Martyrs%E2%80%99_Memorial_08.jpg,https://beautifulbangladesh.gov.bd/ | https://www.wikidata.org/wiki/Q3351595,Bangladesh Tourism Board directory | Wikidata,旅游局目录匹配；Wikidata坐标自动匹配（待人工复核）,2026-07-11,开放时间、门票和通行许可具有时效性，未获可靠来源时留空。
BD-POI-0034,,Central Shaheed Minar,কেন্দ্রীয় শহীদ মিনার,博物馆与纪念地,National memorial,,Dhaka,Dhaka,Shahbag,23.7272114,90.3966368,,Central Shaheed Minar位于孟加拉国Dhaka大区的Dhaka，在本数据集中归为“博物馆与纪念地”。开放、通行和许可信息可能随季节或管理政策变化，出行前应向主管部门复核。,,,全年；通常11月至次年3月天气较舒适,出发前通过当地旅游部门或地图服务核实路线,,,https://commons.wikimedia.org/wiki/Special:FilePath/Chattogram_Central_Shaheed_Minar_-_3.jpg,https://beautifulbangladesh.gov.bd/ | https://www.wikidata.org/wiki/Q31727164 | https://www.openstreetmap.org/?mlat=23.7272114&mlon=90.3966368#map=15/23.7272114/90.3966368,Bangladesh Tourism Board directory | Wikidata | OpenStreetMap Photon,旅游局目录匹配；OSM坐标自动匹配（待人工复核）,2026-07-11,开放时间、门票和通行许可具有时效性，未获可靠来源时留空。
BD-POI-0035,孟加拉国国家博物馆,Bangladesh National Museum,বাংলাদেশ জাতীয় জাদুঘর,博物馆与纪念地,Museum,,Dhaka,Dhaka,Shahbag,23.7375500,90.3941000,,Bangladesh National Museum位于孟加拉国Dhaka大区的Dhaka，在本数据集中归为“博物馆与纪念地”。开放、通行和许可信息可能随季节或管理政策变化，出行前应向主管部门复核。,,,全年；通常11月至次年3月天气较舒适,出发前通过当地旅游部门或地图服务核实路线,,,https://commons.wikimedia.org/wiki/Special:FilePath/DG_91_-_09_NATIONAL_MUSEUM_DHAKA_IMG_31782.jpg,https://beautifulbangladesh.gov.bd/ | https://www.wikidata.org/wiki/Q51876,Bangladesh Tourism Board directory | Wikidata,旅游局目录匹配；Wikidata坐标自动匹配（待人工复核）,2026-07-11,开放时间、门票和通行许可具有时效性，未获可靠来源时留空。
BD-POI-0036,,Liberation War Museum,,博物馆与纪念地,Museum,,Dhaka,Dhaka,Sher-e-Bangla Nagar,23.7755648,90.3694298,,Liberation War Museum位于孟加拉国Dhaka大区的Dhaka，在本数据集中归为“博物馆与纪念地”。开放、通行和许可信息可能随季节或管理政策变化，出行前应向主管部门复核。,,,全年；通常11月至次年3月天气较舒适,出发前通过当地旅游部门或地图服务核实路线,,,,https://beautifulbangladesh.gov.bd/ | https://liberationwarmuseumbd.org/page/contact-us | https://www.openstreetmap.org/?mlat=23.7755648&mlon=90.3694298#map=15/23.7755648/90.3694298,Bangladesh Tourism Board directory | specific authoritative source | OpenStreetMap Photon,景点级权威来源已核实；OSM坐标自动匹配（待人工复核）,2026-07-11,开放时间、门票和通行许可具有时效性，未获可靠来源时留空。
BD-POI-0037,,Dhakeshwari Temple,,宗教与考古,Temple,,Dhaka,Dhaka,Lalbagh,,,,Dhakeshwari Temple位于孟加拉国Dhaka大区的Dhaka，在本数据集中归为“宗教与考古”。开放、通行和许可信息可能随季节或管理政策变化，出行前应向主管部门复核。,,,全年；通常11月至次年3月天气较舒适,出发前通过当地旅游部门或地图服务核实路线,,,,https://beautifulbangladesh.gov.bd/,Bangladesh Tourism Board directory,旅游局目录匹配；坐标待补,2026-07-11,开放时间、门票和通行许可具有时效性，未获可靠来源时留空。
BD-POI-0038,,Baitul Mukarram,,宗教与考古,National mosque,,Dhaka,Dhaka,Paltan,23.7294725,90.4126170,,Baitul Mukarram位于孟加拉国Dhaka大区的Dhaka，在本数据集中归为“宗教与考古”。开放、通行和许可信息可能随季节或管理政策变化，出行前应向主管部门复核。,,,全年；通常11月至次年3月天气较舒适,出发前通过当地旅游部门或地图服务核实路线,,,,https://beautifulbangladesh.gov.bd/ | https://www.openstreetmap.org/?mlat=23.7294725&mlon=90.412617#map=15/23.7294725/90.412617,Bangladesh Tourism Board directory | OpenStreetMap Photon,旅游局目录匹配；OSM坐标自动匹配（待人工复核）,2026-07-11,开放时间、门票和通行许可具有时效性，未获可靠来源时留空。
BD-POI-0039,,"Armenian Church, Dhaka",,宗教与考古,Historic church,,Dhaka,Dhaka,Bangshal,23.7124780,90.4020955,,"Armenian Church, Dhaka位于孟加拉国Dhaka大区的Dhaka，在本数据集中归为“宗教与考古”。开放、通行和许可信息可能随季节或管理政策变化，出行前应向主管部门复核。",,,全年；通常11月至次年3月天气较舒适,出发前通过当地旅游部门或地图服务核实路线,,,,https://beautifulbangladesh.gov.bd/ | https://www.openstreetmap.org/?mlat=23.712478&mlon=90.4020955#map=15/23.712478/90.4020955,Bangladesh Tourism Board directory | OpenStreetMap Photon,旅游局目录匹配；OSM坐标自动匹配（待人工复核）,2026-07-11,开放时间、门票和通行许可具有时效性，未获可靠来源时留空。
BD-POI-0040,,Star Mosque,,宗教与考古,Historic mosque,,Dhaka,Dhaka,Bangshal,,,,Star Mosque位于孟加拉国Dhaka大区的Dhaka，在本数据集中归为“宗教与考古”。开放、通行和许可信息可能随季节或管理政策变化，出行前应向主管部门复核。,,,全年；通常11月至次年3月天气较舒适,出发前通过当地旅游部门或地图服务核实路线,,,,https://beautifulbangladesh.gov.bd/,Bangladesh Tourism Board directory,旅游局目录匹配；坐标待补,2026-07-11,开放时间、门票和通行许可具有时效性，未获可靠来源时留空。
BD-POI-0041,,Curzon Hall,,历史文化,Historic architecture,,Dhaka,Dhaka,Shahbag,23.7273259,90.4019331,,Curzon Hall位于孟加拉国Dhaka大区的Dhaka，在本数据集中归为“历史文化”。开放、通行和许可信息可能随季节或管理政策变化，出行前应向主管部门复核。,,,全年；通常11月至次年3月天气较舒适,出发前通过当地旅游部门或地图服务核实路线,,,,https://beautifulbangladesh.gov.bd/ | https://www.openstreetmap.org/?mlat=23.7273259&mlon=90.4019331#map=15/23.7273259/90.4019331,Bangladesh Tourism Board directory | OpenStreetMap Photon,旅游局目录匹配；OSM坐标自动匹配（待人工复核）,2026-07-11,开放时间、门票和通行许可具有时效性，未获可靠来源时留空。
BD-POI-0042,,Suhrawardy Udyan,,历史文化,Historic park,,Dhaka,Dhaka,Shahbag,23.7327140,90.3984349,,Suhrawardy Udyan位于孟加拉国Dhaka大区的Dhaka，在本数据集中归为“历史文化”。开放、通行和许可信息可能随季节或管理政策变化，出行前应向主管部门复核。,,,全年；通常11月至次年3月天气较舒适,出发前通过当地旅游部门或地图服务核实路线,,,,https://beautifulbangladesh.gov.bd/ | https://www.openstreetmap.org/?mlat=23.732714&mlon=90.3984349#map=15/23.732714/90.3984349,Bangladesh Tourism Board directory | OpenStreetMap Photon,旅游局目录匹配；OSM坐标自动匹配（待人工复核）,2026-07-11,开放时间、门票和通行许可具有时效性，未获可靠来源时留空。
BD-POI-0043,,Sonargaon,,历史文化,Historic city,,Dhaka,Narayanganj,Sonargaon,23.6614824,90.4566585,,Sonargaon位于孟加拉国Dhaka大区的Narayanganj，在本数据集中归为“历史文化”。开放、通行和许可信息可能随季节或管理政策变化，出行前应向主管部门复核。,,,全年；通常11月至次年3月天气较舒适,出发前通过当地旅游部门或地图服务核实路线,,,,https://beautifulbangladesh.gov.bd/ | https://www.openstreetmap.org/?mlat=23.6614824&mlon=90.4566585#map=15/23.6614824/90.4566585,Bangladesh Tourism Board directory | OpenStreetMap Photon,旅游局目录匹配；OSM坐标自动匹配（待人工复核）,2026-07-11,开放时间、门票和通行许可具有时效性，未获可靠来源时留空。
BD-POI-0044,,Panam City,,历史文化,Historic urban site,Sonargaon,Dhaka,Narayanganj,Sonargaon,23.6560211,90.6041447,,Panam City位于孟加拉国Dhaka大区的Narayanganj，在本数据集中归为“历史文化”。开放、通行和许可信息可能随季节或管理政策变化，出行前应向主管部门复核。,,,全年；通常11月至次年3月天气较舒适,出发前通过当地旅游部门或地图服务核实路线,,,,https://beautifulbangladesh.gov.bd/ | https://www.openstreetmap.org/?mlat=23.6560211&mlon=90.6041447#map=15/23.6560211/90.6041447,Bangladesh Tourism Board directory | OpenStreetMap Photon,旅游局目录匹配；OSM坐标自动匹配（待人工复核）,2026-07-11,开放时间、门票和通行许可具有时效性，未获可靠来源时留空。
BD-POI-0045,,Goaldi Mosque,,宗教与考古,Historic mosque,Sonargaon,Dhaka,Narayanganj,Sonargaon,23.6565143,90.5934713,,Goaldi Mosque位于孟加拉国Dhaka大区的Narayanganj，在本数据集中归为“宗教与考古”。开放、通行和许可信息可能随季节或管理政策变化，出行前应向主管部门复核。,,,全年；通常11月至次年3月天气较舒适,出发前通过当地旅游部门或地图服务核实路线,,,,https://beautifulbangladesh.gov.bd/ | https://www.openstreetmap.org/?mlat=23.6565143&mlon=90.5934713#map=15/23.6565143/90.5934713,Bangladesh Tourism Board directory | OpenStreetMap Photon,旅游局目录匹配；OSM坐标自动匹配（待人工复核）,2026-07-11,开放时间、门票和通行许可具有时效性，未获可靠来源时留空。
BD-POI-0046,,Baliati Palace,,历史文化,Palace,,Dhaka,Manikganj,Saturia,23.9947000,90.0424000,,Baliati Palace位于孟加拉国Dhaka大区的Manikganj，在本数据集中归为“历史文化”。开放、通行和许可信息可能随季节或管理政策变化，出行前应向主管部门复核。,,,全年；通常11月至次年3月天气较舒适,出发前通过当地旅游部门或地图服务核实路线,,,,https://beautifulbangladesh.gov.bd/ | https://www.openstreetmap.org/?mlat=23.9947&mlon=90.0424#map=15/23.9947/90.0424,Bangladesh Tourism Board directory | OpenStreetMap Photon,旅游局目录匹配；OSM坐标自动匹配（待人工复核）,2026-07-11,开放时间、门票和通行许可具有时效性，未获可靠来源时留空。
BD-POI-0047,,Idrakpur Fort,,历史文化,Historic fort,,Dhaka,Munshiganj,Munshiganj Sadar,23.5473343,90.5340103,,Idrakpur Fort位于孟加拉国Dhaka大区的Munshiganj，在本数据集中归为“历史文化”。开放、通行和许可信息可能随季节或管理政策变化，出行前应向主管部门复核。,,,全年；通常11月至次年3月天气较舒适,出发前通过当地旅游部门或地图服务核实路线,,,,https://beautifulbangladesh.gov.bd/ | https://www.openstreetmap.org/?mlat=23.5473343&mlon=90.5340103#map=15/23.5473343/90.5340103,Bangladesh Tourism Board directory | OpenStreetMap Photon,旅游局目录匹配；OSM坐标自动匹配（待人工复核）,2026-07-11,开放时间、门票和通行许可具有时效性，未获可靠来源时留空。
BD-POI-0048,,Bhawal National Park,,森林公园与保护区,National park,,Dhaka,Gazipur,Gazipur Sadar,24.0920791,90.4195134,,Bhawal National Park位于孟加拉国Dhaka大区的Gazipur，在本数据集中归为“森林公园与保护区”。开放、通行和许可信息可能随季节或管理政策变化，出行前应向主管部门复核。,,,旱季（约11月至次年3月）,出发前通过当地旅游部门或地图服务核实路线,,,,https://beautifulbangladesh.gov.bd/ | https://www.openstreetmap.org/?mlat=24.0920791&mlon=90.4195134#map=15/24.0920791/90.4195134,Bangladesh Tourism Board directory | OpenStreetMap Photon,旅游局目录匹配；OSM坐标自动匹配（待人工复核）,2026-07-11,开放时间、门票和通行许可具有时效性，未获可靠来源时留空。
BD-POI-0049,,Madhupur National Park,,森林公园与保护区,National park,,Dhaka,Tangail,Madhupur,24.6899099,90.0945101,,Madhupur National Park位于孟加拉国Dhaka大区的Tangail，在本数据集中归为“森林公园与保护区”。开放、通行和许可信息可能随季节或管理政策变化，出行前应向主管部门复核。,,,旱季（约11月至次年3月）,出发前通过当地旅游部门或地图服务核实路线,,,,https://beautifulbangladesh.gov.bd/ | https://www.openstreetmap.org/?mlat=24.6899099&mlon=90.0945101#map=15/24.6899099/90.0945101,Bangladesh Tourism Board directory | OpenStreetMap Photon,旅游局目录匹配；OSM坐标自动匹配（待人工复核）,2026-07-11,开放时间、门票和通行许可具有时效性，未获可靠来源时留空。
BD-POI-0050,,Atia Mosque,,宗教与考古,Historic mosque,,Dhaka,Tangail,Delduar,,,,Atia Mosque位于孟加拉国Dhaka大区的Tangail，在本数据集中归为“宗教与考古”。开放、通行和许可信息可能随季节或管理政策变化，出行前应向主管部门复核。,,,全年；通常11月至次年3月天气较舒适,出发前通过当地旅游部门或地图服务核实路线,,,,https://beautifulbangladesh.gov.bd/,Bangladesh Tourism Board directory,旅游局目录匹配；坐标待补,2026-07-11,开放时间、门票和通行许可具有时效性，未获可靠来源时留空。
BD-POI-0051,,Wari-Bateshwar ruins,,历史文化,Archaeological site,,Dhaka,Narsingdi,Belabo,,,,Wari-Bateshwar ruins位于孟加拉国Dhaka大区的Narsingdi，在本数据集中归为“历史文化”。开放、通行和许可信息可能随季节或管理政策变化，出行前应向主管部门复核。,,,全年；通常11月至次年3月天气较舒适,出发前通过当地旅游部门或地图服务核实路线,,,,https://beautifulbangladesh.gov.bd/,Bangladesh Tourism Board directory,旅游局目录匹配；坐标待补,2026-07-11,开放时间、门票和通行许可具有时效性，未获可靠来源时留空。
BD-POI-0052,,Cox's Bazar Beach,,海滩与岛屿,Sea beach,,Chattogram,Cox's Bazar,Cox's Bazar Sadar,21.4280668,91.9705337,,Cox's Bazar Beach位于孟加拉国Chattogram大区的Cox's Bazar，在本数据集中归为“海滩与岛屿”。开放、通行和许可信息可能随季节或管理政策变化，出行前应向主管部门复核。,,,旱季（约11月至次年3月）,出发前通过当地旅游部门或地图服务核实路线,,,,https://beautifulbangladesh.gov.bd/ | https://www.openstreetmap.org/?mlat=21.4280668&mlon=91.9705337#map=15/21.4280668/91.9705337,Bangladesh Tourism Board directory | OpenStreetMap Photon,旅游局目录匹配；OSM坐标自动匹配（待人工复核）,2026-07-11,开放时间、门票和通行许可具有时效性，未获可靠来源时留空。
BD-POI-0053,,Inani Beach,,海滩与岛屿,Sea beach,,Chattogram,Cox's Bazar,Ukhia,,,,Inani Beach位于孟加拉国Chattogram大区的Cox's Bazar，在本数据集中归为“海滩与岛屿”。开放、通行和许可信息可能随季节或管理政策变化，出行前应向主管部门复核。,,,旱季（约11月至次年3月）,出发前通过当地旅游部门或地图服务核实路线,,,,https://beautifulbangladesh.gov.bd/,Bangladesh Tourism Board directory,旅游局目录匹配；坐标待补,2026-07-11,开放时间、门票和通行许可具有时效性，未获可靠来源时留空。
BD-POI-0054,,Himchari National Park,,山地与瀑布,National park / waterfall,,Chattogram,Cox's Bazar,"Cox's Bazar Sadar, Ramu",21.3535035,92.0475261,,Himchari National Park位于孟加拉国Chattogram大区的Cox's Bazar，在本数据集中归为“山地与瀑布”。开放、通行和许可信息可能随季节或管理政策变化，出行前应向主管部门复核。,,,雨季至雨季后（约6–11月）；出行前核实水位与安全情况,出发前通过当地旅游部门或地图服务核实路线,,,,https://beautifulbangladesh.gov.bd/ | https://bforest.gov.bd/pages/static-pages/6922dfd3933eb65569e242f5 | https://www.openstreetmap.org/?mlat=21.3535035&mlon=92.0475261#map=15/21.3535035/92.0475261,Bangladesh Tourism Board directory | specific authoritative source | OpenStreetMap Photon,景点级权威来源已核实；OSM坐标自动匹配（待人工复核）,2026-07-11,开放时间、门票和通行许可具有时效性，未获可靠来源时留空。
BD-POI-0055,,Saint Martin's Island,,海滩与岛屿,Island / coral beach,,Chattogram,Cox's Bazar,Teknaf,20.6113055,92.3270104,,Saint Martin's Island位于孟加拉国Chattogram大区的Cox's Bazar，在本数据集中归为“海滩与岛屿”。开放、通行和许可信息可能随季节或管理政策变化，出行前应向主管部门复核。,,,旱季（约11月至次年3月）,出发前通过当地旅游部门或地图服务核实路线,,,,https://beautifulbangladesh.gov.bd/ | https://www.openstreetmap.org/?mlat=20.6113055&mlon=92.3270104#map=15/20.6113055/92.3270104,Bangladesh Tourism Board directory | OpenStreetMap Photon,旅游局目录匹配；OSM坐标自动匹配（待人工复核）,2026-07-11,开放时间、门票和通行许可具有时效性，未获可靠来源时留空。
BD-POI-0056,,Chhera Island,,海滩与岛屿,Island,Saint Martin's Island,Chattogram,Cox's Bazar,Teknaf,,,,Chhera Island位于孟加拉国Chattogram大区的Cox's Bazar，在本数据集中归为“海滩与岛屿”。开放、通行和许可信息可能随季节或管理政策变化，出行前应向主管部门复核。,,,旱季（约11月至次年3月）,出发前通过当地旅游部门或地图服务核实路线,,,,https://beautifulbangladesh.gov.bd/,Bangladesh Tourism Board directory,旅游局目录匹配；坐标待补,2026-07-11,开放时间、门票和通行许可具有时效性，未获可靠来源时留空。
BD-POI-0057,,Sonadia Island,,海滩与岛屿,Island / beach,,Chattogram,Cox's Bazar,Maheshkhali,21.4975174,91.8720995,,Sonadia Island位于孟加拉国Chattogram大区的Cox's Bazar，在本数据集中归为“海滩与岛屿”。开放、通行和许可信息可能随季节或管理政策变化，出行前应向主管部门复核。,,,旱季（约11月至次年3月）,出发前通过当地旅游部门或地图服务核实路线,,,,https://beautifulbangladesh.gov.bd/ | https://www.openstreetmap.org/?mlat=21.4975174&mlon=91.8720995#map=15/21.4975174/91.8720995,Bangladesh Tourism Board directory | OpenStreetMap Photon,旅游局目录匹配；OSM坐标自动匹配（待人工复核）,2026-07-11,开放时间、门票和通行许可具有时效性，未获可靠来源时留空。
BD-POI-0058,,Maheshkhali Island,,宗教与考古,Island / temple,,Chattogram,Cox's Bazar,Maheshkhali,,,,Maheshkhali Island位于孟加拉国Chattogram大区的Cox's Bazar，在本数据集中归为“宗教与考古”。开放、通行和许可信息可能随季节或管理政策变化，出行前应向主管部门复核。,,,旱季（约11月至次年3月）,出发前通过当地旅游部门或地图服务核实路线,,,,https://beautifulbangladesh.gov.bd/,Bangladesh Tourism Board directory,旅游局目录匹配；坐标待补,2026-07-11,开放时间、门票和通行许可具有时效性，未获可靠来源时留空。
BD-POI-0059,,Patenga Beach,,海滩与岛屿,Sea beach,,Chattogram,Chattogram,Patenga,22.2344444,91.7922552,,Patenga Beach位于孟加拉国Chattogram大区的Chattogram，在本数据集中归为“海滩与岛屿”。开放、通行和许可信息可能随季节或管理政策变化，出行前应向主管部门复核。,,,旱季（约11月至次年3月）,出发前通过当地旅游部门或地图服务核实路线,,,,https://beautifulbangladesh.gov.bd/ | https://www.openstreetmap.org/?mlat=22.2344444&mlon=91.7922552#map=15/22.2344444/91.7922552,Bangladesh Tourism Board directory | OpenStreetMap Photon,旅游局目录匹配；OSM坐标自动匹配（待人工复核）,2026-07-11,开放时间、门票和通行许可具有时效性，未获可靠来源时留空。
BD-POI-0060,,Foy's Lake,,河流湖泊与湿地,Lake,,Chattogram,Chattogram,Khulshi,22.3733736,91.7926043,,Foy's Lake位于孟加拉国Chattogram大区的Chattogram，在本数据集中归为“河流湖泊与湿地”。开放、通行和许可信息可能随季节或管理政策变化，出行前应向主管部门复核。,,,全年；通常11月至次年3月天气较舒适,出发前通过当地旅游部门或地图服务核实路线,,,,https://beautifulbangladesh.gov.bd/ | https://www.openstreetmap.org/?mlat=22.3733736&mlon=91.7926043#map=15/22.3733736/91.7926043,Bangladesh Tourism Board directory | OpenStreetMap Photon,旅游局目录匹配；OSM坐标自动匹配（待人工复核）,2026-07-11,开放时间、门票和通行许可具有时效性，未获可靠来源时留空。
BD-POI-0061,,Sitakunda Botanical Garden and Eco-Park,,森林公园与保护区,Eco-park,,Chattogram,Chattogram,Sitakunda,22.6027525,91.6728564,,Sitakunda Botanical Garden and Eco-Park位于孟加拉国Chattogram大区的Chattogram，在本数据集中归为“森林公园与保护区”。开放、通行和许可信息可能随季节或管理政策变化，出行前应向主管部门复核。,,,全年；通常11月至次年3月天气较舒适,出发前通过当地旅游部门或地图服务核实路线,,,,https://beautifulbangladesh.gov.bd/ | https://www.openstreetmap.org/?mlat=22.6027525&mlon=91.6728564#map=15/22.6027525/91.6728564,Bangladesh Tourism Board directory | OpenStreetMap Photon,旅游局目录匹配；OSM坐标自动匹配（待人工复核）,2026-07-11,开放时间、门票和通行许可具有时效性，未获可靠来源时留空。
BD-POI-0062,,Chandranath Hill,,宗教与考古,Hill / temple,,Chattogram,Chattogram,Sitakunda,,,,Chandranath Hill位于孟加拉国Chattogram大区的Chattogram，在本数据集中归为“宗教与考古”。开放、通行和许可信息可能随季节或管理政策变化，出行前应向主管部门复核。,,,旱季（约11月至次年3月）,出发前通过当地旅游部门或地图服务核实路线,,,,https://beautifulbangladesh.gov.bd/,Bangladesh Tourism Board directory,旅游局目录匹配；坐标待补,2026-07-11,开放时间、门票和通行许可具有时效性，未获可靠来源时留空。
BD-POI-0063,,Khoiyachora Waterfall,,山地与瀑布,Waterfall,,Chattogram,Chattogram,Mirsharai,,,,Khoiyachora Waterfall位于孟加拉国Chattogram大区的Chattogram，在本数据集中归为“山地与瀑布”。开放、通行和许可信息可能随季节或管理政策变化，出行前应向主管部门复核。,,,雨季至雨季后（约6–11月）；出行前核实水位与安全情况,出发前通过当地旅游部门或地图服务核实路线,,,,https://beautifulbangladesh.gov.bd/,Bangladesh Tourism Board directory,旅游局目录匹配；坐标待补,2026-07-11,开放时间、门票和通行许可具有时效性，未获可靠来源时留空。
BD-POI-0064,,Sajek Valley,,山地与瀑布,Hill landscape,,Chattogram,Rangamati,Baghaichhari,23.3909219,92.2855054,,Sajek Valley位于孟加拉国Chattogram大区的Rangamati，在本数据集中归为“山地与瀑布”。开放、通行和许可信息可能随季节或管理政策变化，出行前应向主管部门复核。,,,旱季（约11月至次年3月）,出发前通过当地旅游部门或地图服务核实路线,,,,https://beautifulbangladesh.gov.bd/ | https://www.openstreetmap.org/?mlat=23.3909219&mlon=92.2855054#map=15/23.3909219/92.2855054,Bangladesh Tourism Board directory | OpenStreetMap Photon,旅游局目录匹配；OSM坐标自动匹配（待人工复核）,2026-07-11,开放时间、门票和通行许可具有时效性，未获可靠来源时留空。
BD-POI-0065,,Kaptai Lake,,河流湖泊与湿地,Lake,,Chattogram,Rangamati,Kaptai,22.7595350,92.2760725,,Kaptai Lake位于孟加拉国Chattogram大区的Rangamati，在本数据集中归为“河流湖泊与湿地”。开放、通行和许可信息可能随季节或管理政策变化，出行前应向主管部门复核。,,,全年；通常11月至次年3月天气较舒适,出发前通过当地旅游部门或地图服务核实路线,,,,https://beautifulbangladesh.gov.bd/ | https://www.openstreetmap.org/?mlat=22.759535&mlon=92.2760725#map=15/22.759535/92.2760725,Bangladesh Tourism Board directory | OpenStreetMap Photon,旅游局目录匹配；OSM坐标自动匹配（待人工复核）,2026-07-11,开放时间、门票和通行许可具有时效性，未获可靠来源时留空。
BD-POI-0066,,Shuvolong Waterfall,,山地与瀑布,Waterfall,,Chattogram,Rangamati,Barkal,22.7131076,92.2490544,,Shuvolong Waterfall位于孟加拉国Chattogram大区的Rangamati，在本数据集中归为“山地与瀑布”。开放、通行和许可信息可能随季节或管理政策变化，出行前应向主管部门复核。,,,雨季至雨季后（约6–11月）；出行前核实水位与安全情况,出发前通过当地旅游部门或地图服务核实路线,,,,https://beautifulbangladesh.gov.bd/ | https://www.openstreetmap.org/?mlat=22.7131076&mlon=92.2490544#map=15/22.7131076/92.2490544,Bangladesh Tourism Board directory | OpenStreetMap Photon,旅游局目录匹配；OSM坐标自动匹配（待人工复核）,2026-07-11,开放时间、门票和通行许可具有时效性，未获可靠来源时留空。
BD-POI-0067,,"Nilgiri, Bandarban",,山地与瀑布,Hill viewpoint,,Chattogram,Bandarban,Ruma,,,,"Nilgiri, Bandarban位于孟加拉国Chattogram大区的Bandarban，在本数据集中归为“山地与瀑布”。开放、通行和许可信息可能随季节或管理政策变化，出行前应向主管部门复核。",,,旱季（约11月至次年3月）,出发前通过当地旅游部门或地图服务核实路线,,,,https://beautifulbangladesh.gov.bd/ | https://bhdc.gov.bd/site/page/bc5994c3-24fe-438f-91e1-c76dd05d367f/,Bangladesh Tourism Board directory | specific authoritative source,景点级权威来源已核实；坐标待补,2026-07-11,开放时间、门票和通行许可具有时效性，未获可靠来源时留空。
BD-POI-0068,,Nilachal,,山地与瀑布,Hill viewpoint,,Chattogram,Bandarban,Bandarban Sadar,,,,Nilachal位于孟加拉国Chattogram大区的Bandarban，在本数据集中归为“山地与瀑布”。开放、通行和许可信息可能随季节或管理政策变化，出行前应向主管部门复核。,,,旱季（约11月至次年3月）,出发前通过当地旅游部门或地图服务核实路线,,,,https://beautifulbangladesh.gov.bd/,Bangladesh Tourism Board directory,旅游局目录匹配；坐标待补,2026-07-11,开放时间、门票和通行许可具有时效性，未获可靠来源时留空。
BD-POI-0069,,Boga Lake,,山地与瀑布,Mountain lake,,Chattogram,Bandarban,Ruma,21.9803262,92.4701232,,Boga Lake位于孟加拉国Chattogram大区的Bandarban，在本数据集中归为“山地与瀑布”。开放、通行和许可信息可能随季节或管理政策变化，出行前应向主管部门复核。,,,旱季（约11月至次年3月）,出发前通过当地旅游部门或地图服务核实路线,,,,https://beautifulbangladesh.gov.bd/ | https://www.openstreetmap.org/?mlat=21.9803262&mlon=92.4701232#map=15/21.9803262/92.4701232,Bangladesh Tourism Board directory | OpenStreetMap Photon,旅游局目录匹配；OSM坐标自动匹配（待人工复核）,2026-07-11,开放时间、门票和通行许可具有时效性，未获可靠来源时留空。
BD-POI-0070,喬克拉頓峰,Keokradong,কেওক্রাডং,山地与瀑布,Mountain,,Chattogram,Bandarban,Ruma,21.9499300,92.5144100,,Keokradong位于孟加拉国Chattogram大区的Bandarban，在本数据集中归为“山地与瀑布”。开放、通行和许可信息可能随季节或管理政策变化，出行前应向主管部门复核。,,,旱季（约11月至次年3月）,出发前通过当地旅游部门或地图服务核实路线,,,https://commons.wikimedia.org/wiki/Special:FilePath/Keokradong_Top.jpg,https://beautifulbangladesh.gov.bd/ | https://www.wikidata.org/wiki/Q1515977,Bangladesh Tourism Board directory | Wikidata,旅游局目录匹配；Wikidata坐标自动匹配（待人工复核）,2026-07-11,开放时间、门票和通行许可具有时效性，未获可靠来源时留空。
BD-POI-0071,,Nafakhum Waterfall,,山地与瀑布,Waterfall,,Chattogram,Bandarban,Thanchi,21.7201570,92.5336332,,Nafakhum Waterfall位于孟加拉国Chattogram大区的Bandarban，在本数据集中归为“山地与瀑布”。开放、通行和许可信息可能随季节或管理政策变化，出行前应向主管部门复核。,,,雨季至雨季后（约6–11月）；出行前核实水位与安全情况,出发前通过当地旅游部门或地图服务核实路线,,,,https://beautifulbangladesh.gov.bd/ | https://www.openstreetmap.org/?mlat=21.720157&mlon=92.5336332#map=15/21.720157/92.5336332,Bangladesh Tourism Board directory | OpenStreetMap Photon,旅游局目录匹配；OSM坐标自动匹配（待人工复核）,2026-07-11,开放时间、门票和通行许可具有时效性，未获可靠来源时留空。
BD-POI-0072,,Amiakhum Waterfall,আমিয়াখুম জলপ্রপাত,山地与瀑布,Waterfall,,Chattogram,Bandarban,Thanchi,21.7766777,92.5488836,,Amiakhum Waterfall位于孟加拉国Chattogram大区的Bandarban，在本数据集中归为“山地与瀑布”。开放、通行和许可信息可能随季节或管理政策变化，出行前应向主管部门复核。,,,雨季至雨季后（约6–11月）；出行前核实水位与安全情况,出发前通过当地旅游部门或地图服务核实路线,,,https://commons.wikimedia.org/wiki/Special:FilePath/Amiakhum_Waterfall.jpg,https://beautifulbangladesh.gov.bd/ | https://www.wikidata.org/wiki/Q55232299,Bangladesh Tourism Board directory | Wikidata,旅游局目录匹配；Wikidata坐标自动匹配（待人工复核）,2026-07-11,开放时间、门票和通行许可具有时效性，未获可靠来源时留空。
BD-POI-0073,班多爾班金佛寺,Buddha Dhatu Jadi,বুদ্ধ ধাতু জাদি,宗教与考古,Buddhist temple,,Chattogram,Bandarban,Bandarban Sadar,22.2231095,92.1977168,,Buddha Dhatu Jadi位于孟加拉国Chattogram大区的Bandarban，在本数据集中归为“宗教与考古”。开放、通行和许可信息可能随季节或管理政策变化，出行前应向主管部门复核。,,,全年；通常11月至次年3月天气较舒适,出发前通过当地旅游部门或地图服务核实路线,,,https://commons.wikimedia.org/wiki/Special:FilePath/Buddha_Dhatu_Jadi_05.jpg,https://beautifulbangladesh.gov.bd/ | https://www.wikidata.org/wiki/Q4984151,Bangladesh Tourism Board directory | Wikidata,旅游局目录匹配；Wikidata坐标自动匹配（待人工复核）,2026-07-11,开放时间、门票和通行许可具有时效性，未获可靠来源时留空。
BD-POI-0074,,Mainamati Buddhist ruins,,历史文化,Archaeological site,,Chattogram,Cumilla,Cumilla Adarsha Sadar,,,,Mainamati Buddhist ruins位于孟加拉国Chattogram大区的Cumilla，在本数据集中归为“历史文化”。开放、通行和许可信息可能随季节或管理政策变化，出行前应向主管部门复核。,,,全年；通常11月至次年3月天气较舒适,出发前通过当地旅游部门或地图服务核实路线,,,,https://beautifulbangladesh.gov.bd/,Bangladesh Tourism Board directory,旅游局目录匹配；坐标待补,2026-07-11,开放时间、门票和通行许可具有时效性，未获可靠来源时留空。
BD-POI-0075,舍羅般寺,Shalban Vihara,শালবন বৌদ্ধ বিহার,历史文化,Archaeological site,Mainamati Buddhist ruins,Chattogram,Cumilla,Cumilla Sadar Dakshin,23.4262340,91.1372098,,Shalban Vihara位于孟加拉国Chattogram大区的Cumilla，在本数据集中归为“历史文化”。开放、通行和许可信息可能随季节或管理政策变化，出行前应向主管部门复核。,,,全年；通常11月至次年3月天气较舒适,出发前通过当地旅游部门或地图服务核实路线,,,https://commons.wikimedia.org/wiki/Special:FilePath/Shalvan_Vihara_%2815108060312%29.jpg,https://beautifulbangladesh.gov.bd/ | https://www.wikidata.org/wiki/Q7487152,Bangladesh Tourism Board directory | Wikidata,旅游局目录匹配；Wikidata坐标自动匹配（待人工复核）,2026-07-11,开放时间、门票和通行许可具有时效性，未获可靠来源时留空。
BD-POI-0076,,Mainamati War Cemetery,,博物馆与纪念地,War cemetery,,Chattogram,Cumilla,Cumilla Adarsha Sadar,23.4871131,91.1119299,,Mainamati War Cemetery位于孟加拉国Chattogram大区的Cumilla，在本数据集中归为“博物馆与纪念地”。开放、通行和许可信息可能随季节或管理政策变化，出行前应向主管部门复核。,,,全年；通常11月至次年3月天气较舒适,出发前通过当地旅游部门或地图服务核实路线,,,,https://beautifulbangladesh.gov.bd/ | https://www.openstreetmap.org/?mlat=23.4871131&mlon=91.1119299#map=15/23.4871131/91.1119299,Bangladesh Tourism Board directory | OpenStreetMap Photon,旅游局目录匹配；OSM坐标自动匹配（待人工复核）,2026-07-11,开放时间、门票和通行许可具有时效性，未获可靠来源时留空。
BD-POI-0077,,Nijhum Dwip,,海滩与岛屿,Island / national park,,Chattogram,Noakhali,Hatiya,22.0411779,90.9806930,,Nijhum Dwip位于孟加拉国Chattogram大区的Noakhali，在本数据集中归为“海滩与岛屿”。开放、通行和许可信息可能随季节或管理政策变化，出行前应向主管部门复核。,,,旱季（约11月至次年3月）,出发前通过当地旅游部门或地图服务核实路线,,,,https://beautifulbangladesh.gov.bd/ | https://www.openstreetmap.org/?mlat=22.0411779&mlon=90.980693#map=15/22.0411779/90.980693,Bangladesh Tourism Board directory | OpenStreetMap Photon,旅游局目录匹配；OSM坐标自动匹配（待人工复核）,2026-07-11,开放时间、门票和通行许可具有时效性，未获可靠来源时留空。
BD-POI-0078,,Ratargul Swamp Forest,,森林公园与保护区,Freshwater swamp forest,,Sylhet,Sylhet,Gowainghat,25.0121062,91.9229271,,Ratargul Swamp Forest位于孟加拉国Sylhet大区的Sylhet，在本数据集中归为“森林公园与保护区”。开放、通行和许可信息可能随季节或管理政策变化，出行前应向主管部门复核。,,,旱季（约11月至次年3月）,出发前通过当地旅游部门或地图服务核实路线,,,,https://beautifulbangladesh.gov.bd/ | https://www.openstreetmap.org/?mlat=25.0121062&mlon=91.9229271#map=15/25.0121062/91.9229271,Bangladesh Tourism Board directory | OpenStreetMap Photon,旅游局目录匹配；OSM坐标自动匹配（待人工复核）,2026-07-11,开放时间、门票和通行许可具有时效性，未获可靠来源时留空。
BD-POI-0079,,Jaflong,,山地与瀑布,River / hill landscape,,Sylhet,Sylhet,Gowainghat,25.1729658,92.0202881,,Jaflong位于孟加拉国Sylhet大区的Sylhet，在本数据集中归为“山地与瀑布”。开放、通行和许可信息可能随季节或管理政策变化，出行前应向主管部门复核。,,,雨季至雨季后（约6–11月）；出行前核实水位与安全情况,出发前通过当地旅游部门或地图服务核实路线,,,,https://beautifulbangladesh.gov.bd/ | https://www.openstreetmap.org/?mlat=25.1729658&mlon=92.0202881#map=15/25.1729658/92.0202881,Bangladesh Tourism Board directory | OpenStreetMap Photon,旅游局目录匹配；OSM坐标自动匹配（待人工复核）,2026-07-11,开放时间、门票和通行许可具有时效性，未获可靠来源时留空。
BD-POI-0080,,Bichanakandi,,河流湖泊与湿地,River / stone landscape,,Sylhet,Sylhet,Gowainghat,,,,Bichanakandi位于孟加拉国Sylhet大区的Sylhet，在本数据集中归为“河流湖泊与湿地”。开放、通行和许可信息可能随季节或管理政策变化，出行前应向主管部门复核。,,,雨季至雨季后（约6–11月）；出行前核实水位与安全情况,出发前通过当地旅游部门或地图服务核实路线,,,,https://beautifulbangladesh.gov.bd/,Bangladesh Tourism Board directory,旅游局目录匹配；坐标待补,2026-07-11,开放时间、门票和通行许可具有时效性，未获可靠来源时留空。
BD-POI-0081,,Lalakhal,,河流湖泊与湿地,River landscape,,Sylhet,Sylhet,Jaintiapur,25.1165275,92.1841912,,Lalakhal位于孟加拉国Sylhet大区的Sylhet，在本数据集中归为“河流湖泊与湿地”。开放、通行和许可信息可能随季节或管理政策变化，出行前应向主管部门复核。,,,雨季至雨季后（约6–11月）；出行前核实水位与安全情况,出发前通过当地旅游部门或地图服务核实路线,,,,https://beautifulbangladesh.gov.bd/ | https://www.openstreetmap.org/?mlat=25.1165275&mlon=92.1841912#map=15/25.1165275/92.1841912,Bangladesh Tourism Board directory | OpenStreetMap Photon,旅游局目录匹配；OSM坐标自动匹配（待人工复核）,2026-07-11,开放时间、门票和通行许可具有时效性，未获可靠来源时留空。
BD-POI-0082,,Shrine of Shah Jalal,,宗教与考古,Religious shrine,,Sylhet,Sylhet,Sylhet Sadar,,,,Shrine of Shah Jalal位于孟加拉国Sylhet大区的Sylhet，在本数据集中归为“宗教与考古”。开放、通行和许可信息可能随季节或管理政策变化，出行前应向主管部门复核。,,,全年；通常11月至次年3月天气较舒适,出发前通过当地旅游部门或地图服务核实路线,,,,https://beautifulbangladesh.gov.bd/,Bangladesh Tourism Board directory,旅游局目录匹配；坐标待补,2026-07-11,开放时间、门票和通行许可具有时效性，未获可靠来源时留空。
BD-POI-0083,,Lawachara National Park,,森林公园与保护区,National park,,Sylhet,Moulvibazar,Kamalganj,24.3292272,91.7879335,,Lawachara National Park位于孟加拉国Sylhet大区的Moulvibazar，在本数据集中归为“森林公园与保护区”。开放、通行和许可信息可能随季节或管理政策变化，出行前应向主管部门复核。,,,旱季（约11月至次年3月）,出发前通过当地旅游部门或地图服务核实路线,,,,https://beautifulbangladesh.gov.bd/ | https://www.openstreetmap.org/?mlat=24.3292272&mlon=91.7879335#map=15/24.3292272/91.7879335,Bangladesh Tourism Board directory | OpenStreetMap Photon,旅游局目录匹配；OSM坐标自动匹配（待人工复核）,2026-07-11,开放时间、门票和通行许可具有时效性，未获可靠来源时留空。
BD-POI-0084,,Madhabkunda Waterfall,,山地与瀑布,Waterfall / eco-park,,Sylhet,Moulvibazar,Barlekha,,,,Madhabkunda Waterfall位于孟加拉国Sylhet大区的Moulvibazar，在本数据集中归为“山地与瀑布”。开放、通行和许可信息可能随季节或管理政策变化，出行前应向主管部门复核。,,,雨季至雨季后（约6–11月）；出行前核实水位与安全情况,出发前通过当地旅游部门或地图服务核实路线,,,,https://beautifulbangladesh.gov.bd/,Bangladesh Tourism Board directory,旅游局目录匹配；坐标待补,2026-07-11,开放时间、门票和通行许可具有时效性，未获可靠来源时留空。
BD-POI-0085,,Madhabpur Lake,,河流湖泊与湿地,Lake / tea estate,,Sylhet,Moulvibazar,Kamalganj,24.2810440,91.8173266,,Madhabpur Lake位于孟加拉国Sylhet大区的Moulvibazar，在本数据集中归为“河流湖泊与湿地”。开放、通行和许可信息可能随季节或管理政策变化，出行前应向主管部门复核。,,,全年；通常11月至次年3月天气较舒适,出发前通过当地旅游部门或地图服务核实路线,,,,https://beautifulbangladesh.gov.bd/ | https://www.openstreetmap.org/?mlat=24.281044&mlon=91.8173266#map=15/24.281044/91.8173266,Bangladesh Tourism Board directory | OpenStreetMap Photon,旅游局目录匹配；OSM坐标自动匹配（待人工复核）,2026-07-11,开放时间、门票和通行许可具有时效性，未获可靠来源时留空。
BD-POI-0086,,Hakaluki Haor,,河流湖泊与湿地,Wetland / haor,,Sylhet,"Moulvibazar, Sylhet","Barlekha, Kulaura, Juri, Golapganj, Fenchuganj",,,,"Hakaluki Haor位于孟加拉国Sylhet大区的Moulvibazar, Sylhet，在本数据集中归为“河流湖泊与湿地”。开放、通行和许可信息可能随季节或管理政策变化，出行前应向主管部门复核。",,,雨季至雨季后（约6–11月）；出行前核实水位与安全情况,出发前通过当地旅游部门或地图服务核实路线,,,,https://beautifulbangladesh.gov.bd/,Bangladesh Tourism Board directory,旅游局目录匹配；坐标待补,2026-07-11,开放时间、门票和通行许可具有时效性，未获可靠来源时留空。
BD-POI-0087,,Baikka Beel,,河流湖泊与湿地,Wetland sanctuary,,Sylhet,Moulvibazar,Sreemangal,24.3501994,91.6993087,,Baikka Beel位于孟加拉国Sylhet大区的Moulvibazar，在本数据集中归为“河流湖泊与湿地”。开放、通行和许可信息可能随季节或管理政策变化，出行前应向主管部门复核。,,,雨季至雨季后（约6–11月）；出行前核实水位与安全情况,出发前通过当地旅游部门或地图服务核实路线,,,,https://beautifulbangladesh.gov.bd/ | https://www.openstreetmap.org/?mlat=24.3501994&mlon=91.6993087#map=15/24.3501994/91.6993087,Bangladesh Tourism Board directory | OpenStreetMap Photon,旅游局目录匹配；OSM坐标自动匹配（待人工复核）,2026-07-11,开放时间、门票和通行许可具有时效性，未获可靠来源时留空。
BD-POI-0088,,Hum Hum Waterfall,,山地与瀑布,Waterfall,,Sylhet,Moulvibazar,Kamalganj,24.1677322,91.9119568,,Hum Hum Waterfall位于孟加拉国Sylhet大区的Moulvibazar，在本数据集中归为“山地与瀑布”。开放、通行和许可信息可能随季节或管理政策变化，出行前应向主管部门复核。,,,雨季至雨季后（约6–11月）；出行前核实水位与安全情况,出发前通过当地旅游部门或地图服务核实路线,,,,https://beautifulbangladesh.gov.bd/ | https://www.openstreetmap.org/?mlat=24.1677322&mlon=91.9119568#map=15/24.1677322/91.9119568,Bangladesh Tourism Board directory | OpenStreetMap Photon,旅游局目录匹配；OSM坐标自动匹配（待人工复核）,2026-07-11,开放时间、门票和通行许可具有时效性，未获可靠来源时留空。
BD-POI-0089,,Satchari National Park,,森林公园与保护区,National park,,Sylhet,Habiganj,Chunarughat,24.1341444,91.4427973,,Satchari National Park位于孟加拉国Sylhet大区的Habiganj，在本数据集中归为“森林公园与保护区”。开放、通行和许可信息可能随季节或管理政策变化，出行前应向主管部门复核。,,,旱季（约11月至次年3月）,出发前通过当地旅游部门或地图服务核实路线,,,,https://beautifulbangladesh.gov.bd/ | https://www.openstreetmap.org/?mlat=24.1341444&mlon=91.4427973#map=15/24.1341444/91.4427973,Bangladesh Tourism Board directory | OpenStreetMap Photon,旅游局目录匹配；OSM坐标自动匹配（待人工复核）,2026-07-11,开放时间、门票和通行许可具有时效性，未获可靠来源时留空。
BD-POI-0090,,Rema-Kalenga Wildlife Sanctuary,,森林公园与保护区,Wildlife sanctuary,,Sylhet,Habiganj,Chunarughat,,,,Rema-Kalenga Wildlife Sanctuary位于孟加拉国Sylhet大区的Habiganj，在本数据集中归为“森林公园与保护区”。开放、通行和许可信息可能随季节或管理政策变化，出行前应向主管部门复核。,,,全年；通常11月至次年3月天气较舒适,出发前通过当地旅游部门或地图服务核实路线,,,,https://beautifulbangladesh.gov.bd/,Bangladesh Tourism Board directory,旅游局目录匹配；坐标待补,2026-07-11,开放时间、门票和通行许可具有时效性，未获可靠来源时留空。
BD-POI-0091,,Tanguar Haor,,河流湖泊与湿地,Ramsar wetland,,Sylhet,Sunamganj,"Tahirpur, Madhyanagar",25.0720888,91.3928538,,Tanguar Haor位于孟加拉国Sylhet大区的Sunamganj，在本数据集中归为“河流湖泊与湿地”。开放、通行和许可信息可能随季节或管理政策变化，出行前应向主管部门复核。,,,雨季至雨季后（约6–11月）；出行前核实水位与安全情况,出发前通过当地旅游部门或地图服务核实路线,,,,https://beautifulbangladesh.gov.bd/ | https://rsis.ramsar.org/RISapp/files/RISrep/BD1031RIS.pdf | https://www.openstreetmap.org/?mlat=25.0720888&mlon=91.3928538#map=15/25.0720888/91.3928538,Bangladesh Tourism Board directory | specific authoritative source | OpenStreetMap Photon,景点级权威来源已核实；OSM坐标自动匹配（待人工复核）,2026-07-11,开放时间、门票和通行许可具有时效性，未获可靠来源时留空。
BD-POI-0092,,Kuakata Beach,,海滩与岛屿,Sea beach,,Barishal,Patuakhali,Kalapara,21.8130846,90.1226475,,Kuakata Beach位于孟加拉国Barishal大区的Patuakhali，在本数据集中归为“海滩与岛屿”。开放、通行和许可信息可能随季节或管理政策变化，出行前应向主管部门复核。,,,旱季（约11月至次年3月）,出发前通过当地旅游部门或地图服务核实路线,,,,https://beautifulbangladesh.gov.bd/ | https://www.openstreetmap.org/?mlat=21.8130846&mlon=90.1226475#map=15/21.8130846/90.1226475,Bangladesh Tourism Board directory | OpenStreetMap Photon,旅游局目录匹配；OSM坐标自动匹配（待人工复核）,2026-07-11,开放时间、门票和通行许可具有时效性，未获可靠来源时留空。
BD-POI-0093,,Fatrar Char,,海滩与岛屿,Mangrove forest / beach,,Barishal,Barguna,Taltali,21.8953601,90.0581278,,Fatrar Char位于孟加拉国Barishal大区的Barguna，在本数据集中归为“海滩与岛屿”。开放、通行和许可信息可能随季节或管理政策变化，出行前应向主管部门复核。,,,旱季（约11月至次年3月）,出发前通过当地旅游部门或地图服务核实路线,,,,https://beautifulbangladesh.gov.bd/ | https://taltali.barguna.gov.bd/pages/static-pages/6978a7a235ce18e1c0674ea1 | https://www.openstreetmap.org/?mlat=21.8953601&mlon=90.0581278#map=15/21.8953601/90.0581278,Bangladesh Tourism Board directory | specific authoritative source | OpenStreetMap Photon,景点级权威来源已核实；OSM坐标自动匹配（待人工复核）,2026-07-11,开放时间、门票和通行许可具有时效性，未获可靠来源时留空。
BD-POI-0094,,Bhimruli Floating Guava Market,,河流湖泊与湿地,River market / cultural landscape,,Barishal,Jhalokati,Jhalokati Sadar,22.7137533,90.1628405,,Bhimruli Floating Guava Market位于孟加拉国Barishal大区的Jhalokati，在本数据集中归为“河流湖泊与湿地”。开放、通行和许可信息可能随季节或管理政策变化，出行前应向主管部门复核。,,,雨季至雨季后（约6–11月）；出行前核实水位与安全情况,出发前通过当地旅游部门或地图服务核实路线,,,,https://beautifulbangladesh.gov.bd/ | https://www.jhalakathi.gov.bd/en/site/tourist_spot/%E0%A6%AD%E0%A6%BF%E0%A6%AE%E0%A6%B0%E0%A7%81%E0%A6%B2%E0%A7%80-%E0%A6%AA%E0%A7%87%E0%A7%9F%E0%A6%BE%E0%A6%B0%E0%A6%BE-%E0%A6%AC%E0%A6%BE%E0%A6%97%E0%A6%BE%E0%A6%A8-%E0%A6%93-%E0%A6%AD%E0%A6%BE%E0%A6%B8%E0%A6%AE%E0%A6%BE%E0%A6%A8-%E0%A6%AA%E0%A7%87%E0%A7%9F%E0%A6%BE%E0%A6%B0%E0%A6%BE-%E0%A6%AC%E0%A6%BE%E0%A6%9C%E0%A6%BE%E0%A6%B0 | https://www.openstreetmap.org/?mlat=22.7137533&mlon=90.1628405#map=15/22.7137533/90.1628405,Bangladesh Tourism Board directory | specific authoritative source | OpenStreetMap Photon,景点级权威来源已核实；OSM坐标自动匹配（待人工复核）,2026-07-11,开放时间、门票和通行许可具有时效性，未获可靠来源时留空。
BD-POI-0095,,Durgasagar,,河流湖泊与湿地,Lake,,Barishal,Barishal,Babuganj,,,,Durgasagar位于孟加拉国Barishal大区的Barishal，在本数据集中归为“河流湖泊与湿地”。开放、通行和许可信息可能随季节或管理政策变化，出行前应向主管部门复核。,,,全年；通常11月至次年3月天气较舒适,出发前通过当地旅游部门或地图服务核实路线,,,,https://beautifulbangladesh.gov.bd/,Bangladesh Tourism Board directory,旅游局目录匹配；坐标待补,2026-07-11,开放时间、门票和通行许可具有时效性，未获可靠来源时留空。
BD-POI-0096,,Oxford Mission Church,,宗教与考古,Historic church,,Barishal,Barishal,Barishal Sadar,22.7043193,90.3628335,,Oxford Mission Church位于孟加拉国Barishal大区的Barishal，在本数据集中归为“宗教与考古”。开放、通行和许可信息可能随季节或管理政策变化，出行前应向主管部门复核。,,,全年；通常11月至次年3月天气较舒适,出发前通过当地旅游部门或地图服务核实路线,,,,https://beautifulbangladesh.gov.bd/ | https://www.openstreetmap.org/?mlat=22.7043193&mlon=90.3628335#map=15/22.7043193/90.3628335,Bangladesh Tourism Board directory | OpenStreetMap Photon,旅游局目录匹配；OSM坐标自动匹配（待人工复核）,2026-07-11,开放时间、门票和通行许可具有时效性，未获可靠来源时留空。
BD-POI-0097,,Char Kukri-Mukri Wildlife Sanctuary,,海滩与岛屿,Wildlife sanctuary / island,,Barishal,Bhola,Char Fasson,21.9349670,90.6522125,,Char Kukri-Mukri Wildlife Sanctuary位于孟加拉国Barishal大区的Bhola，在本数据集中归为“海滩与岛屿”。开放、通行和许可信息可能随季节或管理政策变化，出行前应向主管部门复核。,,,旱季（约11月至次年3月）,出发前通过当地旅游部门或地图服务核实路线,,,,https://beautifulbangladesh.gov.bd/ | https://www.openstreetmap.org/?mlat=21.934967&mlon=90.6522125#map=15/21.934967/90.6522125,Bangladesh Tourism Board directory | OpenStreetMap Photon,旅游局目录匹配；OSM坐标自动匹配（待人工复核）,2026-07-11,开放时间、门票和通行许可具有时效性，未获可靠来源时留空。
BD-POI-0098,,Birishiri,,山地与瀑布,Cultural / hill landscape,,Mymensingh,Netrokona,Durgapur,,,,Birishiri位于孟加拉国Mymensingh大区的Netrokona，在本数据集中归为“山地与瀑布”。开放、通行和许可信息可能随季节或管理政策变化，出行前应向主管部门复核。,,,旱季（约11月至次年3月）,出发前通过当地旅游部门或地图服务核实路线,,,,https://beautifulbangladesh.gov.bd/,Bangladesh Tourism Board directory,旅游局目录匹配；坐标待补,2026-07-11,开放时间、门票和通行许可具有时效性，未获可靠来源时留空。
BD-POI-0099,,Someshwari River,,河流湖泊与湿地,River landscape,,Mymensingh,Netrokona,Durgapur,25.0936402,90.6883538,,Someshwari River位于孟加拉国Mymensingh大区的Netrokona，在本数据集中归为“河流湖泊与湿地”。开放、通行和许可信息可能随季节或管理政策变化，出行前应向主管部门复核。,,,雨季至雨季后（约6–11月）；出行前核实水位与安全情况,出发前通过当地旅游部门或地图服务核实路线,,,,https://beautifulbangladesh.gov.bd/ | https://www.openstreetmap.org/?mlat=25.0936402&mlon=90.6883538#map=15/25.0936402/90.6883538,Bangladesh Tourism Board directory | OpenStreetMap Photon,旅游局目录匹配；OSM坐标自动匹配（待人工复核）,2026-07-11,开放时间、门票和通行许可具有时效性，未获可靠来源时留空。
BD-POI-0100,,Muktagacha Palace,,历史文化,Palace,,Mymensingh,Mymensingh,Muktagacha,24.7330028,90.2284151,,Muktagacha Palace位于孟加拉国Mymensingh大区的Mymensingh，在本数据集中归为“历史文化”。开放、通行和许可信息可能随季节或管理政策变化，出行前应向主管部门复核。,,,全年；通常11月至次年3月天气较舒适,出发前通过当地旅游部门或地图服务核实路线,,,,https://beautifulbangladesh.gov.bd/ | https://www.openstreetmap.org/?mlat=24.7330028&mlon=90.2284151#map=15/24.7330028/90.2284151,Bangladesh Tourism Board directory | OpenStreetMap Photon,旅游局目录匹配；OSM坐标自动匹配（待人工复核）,2026-07-11,开放时间、门票和通行许可具有时效性，未获可靠来源时留空。
BD-POI-0101,,Shashi Lodge,,历史文化,Palace / heritage,,Mymensingh,Mymensingh,Mymensingh Sadar,24.7618456,90.4029999,,Shashi Lodge位于孟加拉国Mymensingh大区的Mymensingh，在本数据集中归为“历史文化”。开放、通行和许可信息可能随季节或管理政策变化，出行前应向主管部门复核。,,,全年；通常11月至次年3月天气较舒适,出发前通过当地旅游部门或地图服务核实路线,,,,https://beautifulbangladesh.gov.bd/ | https://www.openstreetmap.org/?mlat=24.7618456&mlon=90.4029999#map=15/24.7618456/90.4029999,Bangladesh Tourism Board directory | OpenStreetMap Photon,旅游局目录匹配；OSM坐标自动匹配（待人工复核）,2026-07-11,开放时间、门票和通行许可具有时效性，未获可靠来源时留空。
BD-POI-0102,,Zainul Abedin Museum,,博物馆与纪念地,Museum,,Mymensingh,Mymensingh,Mymensingh Sadar,,,,Zainul Abedin Museum位于孟加拉国Mymensingh大区的Mymensingh，在本数据集中归为“博物馆与纪念地”。开放、通行和许可信息可能随季节或管理政策变化，出行前应向主管部门复核。,,,全年；通常11月至次年3月天气较舒适,出发前通过当地旅游部门或地图服务核实路线,,,,https://beautifulbangladesh.gov.bd/,Bangladesh Tourism Board directory,旅游局目录匹配；坐标待补,2026-07-11,开放时间、门票和通行许可具有时效性，未获可靠来源时留空。
BD-POI-0103,,Hajiganj Fort,হাজিগঞ্জ দুর্গ,历史文化,Historic fort / UNESCO tentative component,,Dhaka,Narayanganj,Narayanganj Sadar,23.6334100,90.5128400,,Hajiganj Fort位于孟加拉国Dhaka大区的Narayanganj，在本数据集中归为“历史文化”。开放、通行和许可信息可能随季节或管理政策变化，出行前应向主管部门复核。,,,全年；通常11月至次年3月天气较舒适,出发前通过当地旅游部门或地图服务核实路线,,,https://commons.wikimedia.org/wiki/Special:FilePath/%E0%A6%B9%E0%A6%BE%E0%A6%9C%E0%A7%80%E0%A6%97%E0%A6%9E%E0%A7%8D%E0%A6%9C_%E0%A6%A6%E0%A7%81%E0%A6%B0%E0%A7%8D%E0%A6%97_%E0%A6%AA%E0%A7%82%E0%A6%B0%E0%A7%8D%E0%A6%AC_%E0%A6%A6%E0%A6%BF%E0%A6%95_%E0%A6%A5%E0%A7%87%E0%A6%95%E0%A7%87.jpg,https://beautifulbangladesh.gov.bd/ | https://whc.unesco.org/en/tentativelists/6675/ | https://www.wikidata.org/wiki/Q5639945,Bangladesh Tourism Board directory | specific authoritative source | Wikidata,景点级权威来源已核实；Wikidata坐标自动匹配（待人工复核）,2026-07-11,开放时间、门票和通行许可具有时效性，未获可靠来源时留空。
BD-POI-0104,,Sonakanda Fort,সোনাকান্দা দুর্গ,历史文化,Historic fort / UNESCO tentative component,,Dhaka,Narayanganj,Bandar,23.6069800,90.5121400,,Sonakanda Fort位于孟加拉国Dhaka大区的Narayanganj，在本数据集中归为“历史文化”。开放、通行和许可信息可能随季节或管理政策变化，出行前应向主管部门复核。,,,全年；通常11月至次年3月天气较舒适,出发前通过当地旅游部门或地图服务核实路线,,,https://commons.wikimedia.org/wiki/Special:FilePath/Sonakanda_Fort_main_gate.jpg,https://beautifulbangladesh.gov.bd/ | https://whc.unesco.org/en/tentativelists/6675/ | https://www.wikidata.org/wiki/Q19898428,Bangladesh Tourism Board directory | specific authoritative source | Wikidata,景点级权威来源已核实；Wikidata坐标自动匹配（待人工复核）,2026-07-11,开放时间、门票和通行许可具有时效性，未获可靠来源时留空。
BD-POI-0105,,Bharat Bhayna Buddhist Temple,,历史文化,Archaeological site / UNESCO tentative component,,Khulna,Jashore,Keshabpur,,,,Bharat Bhayna Buddhist Temple位于孟加拉国Khulna大区的Jashore，在本数据集中归为“历史文化”。开放、通行和许可信息可能随季节或管理政策变化，出行前应向主管部门复核。,,,全年；通常11月至次年3月天气较舒适,出发前通过当地旅游部门或地图服务核实路线,,,,https://beautifulbangladesh.gov.bd/ | https://whc.unesco.org/en/tentativelists/6669/,Bangladesh Tourism Board directory | specific authoritative source,景点级权威来源已核实；坐标待补,2026-07-11,开放时间、门票和通行许可具有时效性，未获可靠来源时留空。
BD-POI-0106,,Bibi Chini Mosque,বিবি চিনি মসজিদ,宗教与考古,Historic mosque / UNESCO tentative component,,Barishal,Barguna,Betagi,22.4736225,90.1942966,,Bibi Chini Mosque位于孟加拉国Barishal大区的Barguna，在本数据集中归为“宗教与考古”。开放、通行和许可信息可能随季节或管理政策变化，出行前应向主管部门复核。,,,全年；通常11月至次年3月天气较舒适,出发前通过当地旅游部门或地图服务核实路线,,,https://commons.wikimedia.org/wiki/Special:FilePath/%E0%A6%AC%E0%A6%BF%E0%A6%AC%E0%A6%BF_%E0%A6%9A%E0%A6%BF%E0%A6%A8%E0%A6%BF_%E0%A6%90%E0%A6%A4%E0%A6%BF%E0%A6%B9%E0%A6%BE%E0%A6%B8%E0%A6%BF%E0%A6%95_%E0%A6%B6%E0%A6%BE%E0%A6%B9%E0%A7%80_%E0%A6%AE%E0%A6%B8%E0%A6%9C%E0%A6%BF%E0%A6%A6.jpg,https://beautifulbangladesh.gov.bd/ | https://whc.unesco.org/en/tentativelists/6672/ | https://www.wikidata.org/wiki/Q31724132,Bangladesh Tourism Board directory | specific authoritative source | Wikidata,景点级权威来源已核实；Wikidata坐标自动匹配（待人工复核）,2026-07-11,开放时间、门票和通行许可具有时效性，未获可靠来源时留空。
BD-POI-0107,納亞巴德清真寺,Nayabad Mosque,নয়াবাদ মসজিদ,宗教与考古,Historic mosque / UNESCO tentative component,,Rangpur,Dinajpur,Kaharole,25.7819000,88.6586000,,Nayabad Mosque位于孟加拉国Rangpur大区的Dinajpur，在本数据集中归为“宗教与考古”。开放、通行和许可信息可能随季节或管理政策变化，出行前应向主管部门复核。,,,全年；通常11月至次年3月天气较舒适,出发前通过当地旅游部门或地图服务核实路线,,,https://commons.wikimedia.org/wiki/Special:FilePath/Noyabaad_Mosque_%286%29.jpg,https://beautifulbangladesh.gov.bd/ | https://whc.unesco.org/en/tentativelists/6672/ | https://www.wikidata.org/wiki/Q3349262,Bangladesh Tourism Board directory | specific authoritative source | Wikidata,景点级权威来源已核实；Wikidata坐标自动匹配（待人工复核）,2026-07-11,开放时间、门票和通行许可具有时效性，未获可靠来源时留空。
BD-POI-0108,,National Botanical Garden of Bangladesh,,森林公园与保护区,Botanical garden,,Dhaka,Dhaka,Mirpur,23.8161063,90.3512629,,National Botanical Garden of Bangladesh位于孟加拉国Dhaka大区的Dhaka，在本数据集中归为“森林公园与保护区”。开放、通行和许可信息可能随季节或管理政策变化，出行前应向主管部门复核。,,,全年；通常11月至次年3月天气较舒适,出发前通过当地旅游部门或地图服务核实路线,,,,https://beautifulbangladesh.gov.bd/ | https://sufal.bforest.gov.bd/redlist/wp-content/uploads/2024/09/Red-List-Summary-English.pdf | https://www.openstreetmap.org/?mlat=23.8161063&mlon=90.3512629#map=15/23.8161063/90.3512629,Bangladesh Tourism Board directory | specific authoritative source | OpenStreetMap Photon,景点级权威来源已核实；OSM坐标自动匹配（待人工复核）,2026-07-11,开放时间、门票和通行许可具有时效性，未获可靠来源时留空。
BD-POI-0109,,"Bangabandhu Sheikh Mujib Safari Park, Gazipur",,森林公园与保护区,Safari park,,Dhaka,Gazipur,Sreepur,,,,"Bangabandhu Sheikh Mujib Safari Park, Gazipur位于孟加拉国Dhaka大区的Gazipur，在本数据集中归为“森林公园与保护区”。开放、通行和许可信息可能随季节或管理政策变化，出行前应向主管部门复核。",,,全年；通常11月至次年3月天气较舒适,出发前通过当地旅游部门或地图服务核实路线,,,,https://beautifulbangladesh.gov.bd/ | https://bfis.bforest.gov.bd/library/wp-content/uploads/2021/02/Atlas-Forest-Mamagement.pdf,Bangladesh Tourism Board directory | specific authoritative source,景点级权威来源已核实；坐标待补,2026-07-11,开放时间、门票和通行许可具有时效性，未获可靠来源时留空。
BD-POI-0110,,Dulahazra Safari Park,,森林公园与保护区,Safari park,,Chattogram,Cox's Bazar,Chakaria,21.6597971,92.1032113,,Dulahazra Safari Park位于孟加拉国Chattogram大区的Cox's Bazar，在本数据集中归为“森林公园与保护区”。开放、通行和许可信息可能随季节或管理政策变化，出行前应向主管部门复核。,,,全年；通常11月至次年3月天气较舒适,出发前通过当地旅游部门或地图服务核实路线,,,,https://beautifulbangladesh.gov.bd/ | https://bfis.bforest.gov.bd/library/wp-content/uploads/2021/02/Atlas-Forest-Mamagement.pdf | https://www.openstreetmap.org/?mlat=21.6597971&mlon=92.1032113#map=15/21.6597971/92.1032113,Bangladesh Tourism Board directory | specific authoritative source | OpenStreetMap Photon,景点级权威来源已核实；OSM坐标自动匹配（待人工复核）,2026-07-11,开放时间、门票和通行许可具有时效性，未获可靠来源时留空。
BD-POI-0111,,Khadimnagar National Park,,森林公园与保护区,National park,,Sylhet,Sylhet,Sylhet Sadar,24.9543638,91.9492565,,Khadimnagar National Park位于孟加拉国Sylhet大区的Sylhet，在本数据集中归为“森林公园与保护区”。开放、通行和许可信息可能随季节或管理政策变化，出行前应向主管部门复核。,,,旱季（约11月至次年3月）,出发前通过当地旅游部门或地图服务核实路线,,,,https://beautifulbangladesh.gov.bd/ | https://sufal.bforest.gov.bd/redlist/wp-content/uploads/2024/09/Red-List-Summary-English.pdf | https://www.openstreetmap.org/?mlat=24.9543638&mlon=91.9492565#map=15/24.9543638/91.9492565,Bangladesh Tourism Board directory | specific authoritative source | OpenStreetMap Photon,景点级权威来源已核实；OSM坐标自动匹配（待人工复核）,2026-07-11,开放时间、门票和通行许可具有时效性，未获可靠来源时留空。
BD-POI-0112,,Kaptai National Park,,森林公园与保护区,National park,,Chattogram,Rangamati,Kaptai,22.4999456,92.1773861,,Kaptai National Park位于孟加拉国Chattogram大区的Rangamati，在本数据集中归为“森林公园与保护区”。开放、通行和许可信息可能随季节或管理政策变化，出行前应向主管部门复核。,,,旱季（约11月至次年3月）,出发前通过当地旅游部门或地图服务核实路线,,,,https://beautifulbangladesh.gov.bd/ | https://sufal.bforest.gov.bd/redlist/wp-content/uploads/2024/09/Red-List-Summary-English.pdf | https://www.openstreetmap.org/?mlat=22.4999456&mlon=92.1773861#map=15/22.4999456/92.1773861,Bangladesh Tourism Board directory | specific authoritative source | OpenStreetMap Photon,景点级权威来源已核实；OSM坐标自动匹配（待人工复核）,2026-07-11,开放时间、门票和通行许可具有时效性，未获可靠来源时留空。
BD-POI-0113,,Teknaf Wildlife Sanctuary,,森林公园与保护区,Wildlife sanctuary,,Chattogram,Cox's Bazar,Teknaf,20.9916645,92.2208368,,Teknaf Wildlife Sanctuary位于孟加拉国Chattogram大区的Cox's Bazar，在本数据集中归为“森林公园与保护区”。开放、通行和许可信息可能随季节或管理政策变化，出行前应向主管部门复核。,,,全年；通常11月至次年3月天气较舒适,出发前通过当地旅游部门或地图服务核实路线,,,,https://beautifulbangladesh.gov.bd/ | https://sufal.bforest.gov.bd/redlist/wp-content/uploads/2024/09/Red-List-Summary-English.pdf | https://www.openstreetmap.org/?mlat=20.9916645&mlon=92.2208368#map=15/20.9916645/92.2208368,Bangladesh Tourism Board directory | specific authoritative source | OpenStreetMap Photon,景点级权威来源已核实；OSM坐标自动匹配（待人工复核）,2026-07-11,开放时间、门票和通行许可具有时效性，未获可靠来源时留空。
BD-POI-0114,,Chunati Wildlife Sanctuary,,森林公园与保护区,Wildlife sanctuary,,Chattogram,Chattogram,Lohagara,21.9549403,92.0658050,,Chunati Wildlife Sanctuary位于孟加拉国Chattogram大区的Chattogram，在本数据集中归为“森林公园与保护区”。开放、通行和许可信息可能随季节或管理政策变化，出行前应向主管部门复核。,,,全年；通常11月至次年3月天气较舒适,出发前通过当地旅游部门或地图服务核实路线,,,,https://beautifulbangladesh.gov.bd/ | https://sufal.bforest.gov.bd/redlist/wp-content/uploads/2024/09/Red-List-Summary-English.pdf | https://www.openstreetmap.org/?mlat=21.9549403&mlon=92.065805#map=15/21.9549403/92.065805,Bangladesh Tourism Board directory | specific authoritative source | OpenStreetMap Photon,景点级权威来源已核实；OSM坐标自动匹配（待人工复核）,2026-07-11,开放时间、门票和通行许可具有时效性，未获可靠来源时留空。
BD-POI-0115,,Madhutila Eco Park,,山地与瀑布,Eco-park / hill landscape,,Mymensingh,Sherpur,Nalitabari,25.2051315,90.1530411,,Madhutila Eco Park位于孟加拉国Mymensingh大区的Sherpur，在本数据集中归为“山地与瀑布”。开放、通行和许可信息可能随季节或管理政策变化，出行前应向主管部门复核。,,,旱季（约11月至次年3月）,出发前通过当地旅游部门或地图服务核实路线,,,,https://beautifulbangladesh.gov.bd/ | https://www.beautifulbangladesh.gov.bd/newsletter/single/468 | https://www.openstreetmap.org/?mlat=25.2051315&mlon=90.1530411#map=15/25.2051315/90.1530411,Bangladesh Tourism Board directory | specific authoritative source | OpenStreetMap Photon,景点级权威来源已核实；OSM坐标自动匹配（待人工复核）,2026-07-11,开放时间、门票和通行许可具有时效性，未获可靠来源时留空。
BD-POI-0116,,Tea Gardens of Sreemangal,,城市与文化景观,Tea landscape,,Sylhet,Moulvibazar,Sreemangal,,,,Tea Gardens of Sreemangal位于孟加拉国Sylhet大区的Moulvibazar，在本数据集中归为“城市与文化景观”。开放、通行和许可信息可能随季节或管理政策变化，出行前应向主管部门复核。,,,全年；通常11月至次年3月天气较舒适,出发前通过当地旅游部门或地图服务核实路线,,,,https://beautifulbangladesh.gov.bd/ | https://beautifulbangladesh.gov.bd/district-destination/moulvibazar/green-zone/24,Bangladesh Tourism Board directory | specific authoritative source,景点级权威来源已核实；坐标待补,2026-07-11,开放时间、门票和通行许可具有时效性，未获可靠来源时留空。
BD-POI-0117,,Jadukata River,,河流湖泊与湿地,River landscape,,Sylhet,Sunamganj,Tahirpur,25.1504794,91.2575391,,Jadukata River位于孟加拉国Sylhet大区的Sunamganj，在本数据集中归为“河流湖泊与湿地”。开放、通行和许可信息可能随季节或管理政策变化，出行前应向主管部门复核。,,,雨季至雨季后（约6–11月）；出行前核实水位与安全情况,出发前通过当地旅游部门或地图服务核实路线,,,,https://beautifulbangladesh.gov.bd/ | https://beautifulbangladesh.gov.bd/district-destination/sunamganj/land-of-rivers/26 | https://www.openstreetmap.org/?mlat=25.1504794&mlon=91.2575391#map=15/25.1504794/91.2575391,Bangladesh Tourism Board directory | specific authoritative source | OpenStreetMap Photon,景点级权威来源已核实；OSM坐标自动匹配（待人工复核）,2026-07-11,开放时间、门票和通行许可具有时效性，未获可靠来源时留空。
BD-POI-0118,,Sandwip Island,,海滩与岛屿,Island / coastal landscape,,Chattogram,Chattogram,Sandwip,22.5022415,91.4861890,,Sandwip Island位于孟加拉国Chattogram大区的Chattogram，在本数据集中归为“海滩与岛屿”。开放、通行和许可信息可能随季节或管理政策变化，出行前应向主管部门复核。,,,旱季（约11月至次年3月）,出发前通过当地旅游部门或地图服务核实路线,,,,https://beautifulbangladesh.gov.bd/ | https://beautifulbangladesh.gov.bd/district-destination/chattogram/island/16 | https://www.openstreetmap.org/?mlat=22.5022415&mlon=91.486189#map=15/22.5022415/91.486189,Bangladesh Tourism Board directory | specific authoritative source | OpenStreetMap Photon,景点级权威来源已核实；OSM坐标自动匹配（待人工复核）,2026-07-11,开放时间、门票和通行许可具有时效性，未获可靠来源时留空。
BD-POI-0119,,Alutila Cave,,山地与瀑布,Natural cave / hill attraction,,Chattogram,Khagrachhari,Matiranga,23.0874809,91.9563341,,Alutila Cave位于孟加拉国Chattogram大区的Khagrachhari，在本数据集中归为“山地与瀑布”。开放、通行和许可信息可能随季节或管理政策变化，出行前应向主管部门复核。,,,旱季（约11月至次年3月）,出发前通过当地旅游部门或地图服务核实路线,,,,https://beautifulbangladesh.gov.bd/ | https://beautifulbangladesh.gov.bd/district-destination/khagrachari/hill-tracts-waterfalls/125 | https://www.openstreetmap.org/?mlat=23.0874809&mlon=91.9563341#map=15/23.0874809/91.9563341,Bangladesh Tourism Board directory | specific authoritative source | OpenStreetMap Photon,景点级权威来源已核实；OSM坐标自动匹配（待人工复核）,2026-07-11,开放时间、门票和通行许可具有时效性，未获可靠来源时留空。
BD-POI-0120,,Satla Beel,,河流湖泊与湿地,Wetland / water-lily landscape,,Barishal,Barishal,Uzirpur,,,,Satla Beel位于孟加拉国Barishal大区的Barishal，在本数据集中归为“河流湖泊与湿地”。开放、通行和许可信息可能随季节或管理政策变化，出行前应向主管部门复核。,,,雨季至雨季后（约6–11月）；出行前核实水位与安全情况,出发前通过当地旅游部门或地图服务核实路线,,,,https://beautifulbangladesh.gov.bd/ | https://beautifulbangladesh.gov.bd/district-destination/barisal/land-of-rivers/138,Bangladesh Tourism Board directory | specific authoritative source,景点级权威来源已核实；坐标待补,2026-07-11,开放时间、门票和通行许可具有时效性，未获可靠来源时留空。
BD-POI-0121,,"Padma River, Rajshahi",,河流湖泊与湿地,River landscape,,Rajshahi,Rajshahi,,,,,"Padma River, Rajshahi位于孟加拉国Rajshahi大区的Rajshahi，在本数据集中归为“河流湖泊与湿地”。开放、通行和许可信息可能随季节或管理政策变化，出行前应向主管部门复核。",,,雨季至雨季后（约6–11月）；出行前核实水位与安全情况,出发前通过当地旅游部门或地图服务核实路线,,,,https://beautifulbangladesh.gov.bd/ | https://beautifulbangladesh.gov.bd/district-destination/rajshahi/land-of-rivers/27,Bangladesh Tourism Board directory | specific authoritative source,景点级权威来源已核实；坐标待补,2026-07-11,开放时间、门票和通行许可具有时效性，未获可靠来源时留空。
BD-POI-0122,,S. M. Sultan Memorial Complex,,博物馆与纪念地,Art museum / cultural landmark,,Khulna,Narail,Narail Sadar,,,,S. M. Sultan Memorial Complex位于孟加拉国Khulna大区的Narail，在本数据集中归为“博物馆与纪念地”。开放、通行和许可信息可能随季节或管理政策变化，出行前应向主管部门复核。,,,全年；通常11月至次年3月天气较舒适,出发前通过当地旅游部门或地图服务核实路线,,,,https://beautifulbangladesh.gov.bd/ | https://beautifulbangladesh.gov.bd/district-destination/narail/landmarks/233,Bangladesh Tourism Board directory | specific authoritative source,景点级权威来源已核实；坐标待补,2026-07-11,开放时间、门票和通行许可具有时效性，未获可靠来源时留空。
